Genus	ERR1549010	ERR1549011	ERR1549012	ERR1549013	ERR1549014	ERR1549015	ERR1549016	ERR1549017	ERR1549018	ERR1549019	ERR1549020	ERR1549021	ERR1549022	ERR1549023	ERR1549024	ERR1549025	ERR1549026	ERR1549027	ERR1549028	ERR1549029	ERR1549030	ERR1549031	ERR1549032	ERR1549033	ERR1549034	ERR1549035	ERR1549036	ERR1549037	ERR1549038	ERR1549039	ERR1549040	ERR1549041	ERR1549042	ERR1549043	ERR1549044	ERR1549045	ERR1549047	ERR1549048	ERR1549049	ERR1549050	ERR1549051	ERR1549052	ERR1549053	ERR1549054	ERR1549055	ERR1549056	ERR1549057	ERR1549058	ERR1549059	ERR1549060	ERR1549061	ERR1549062	ERR1549063	ERR1549064	ERR1549065	ERR1549066	ERR1549067	ERR1549046
37-13	0.0	0.0	0.0	0.0	0.0	0.0	0.0	0.0	0.0	0.0	0.0	0.0	0.0	0.0	0.0	0.0	0.0	0.0	0.0	0.0	0.0	0.0	0.0	0.0	0.0	0.0	0.0	0.0	0.0	0.0	0.0	0.0	0.0	0.0	0.0	0.0	0.0	0.0	0.0	0.0	0.0	0.0	0.0	24.0	0.0	0.0	0.0	0.0	0.0	0.0	0.0	0.0	0.0	0.0	0.0	0.0	0.0	0.0
67-14	0.0	0.0	0.0	0.0	0.0	0.0	0.0	0.0	0.0	0.0	0.0	0.0	0.0	0.0	0.0	0.0	0.0	0.0	0.0	0.0	0.0	0.0	0.0	0.0	0.0	0.0	0.0	0.0	0.0	0.0	0.0	0.0	0.0	0.0	0.0	0.0	0.0	0.0	0.0	0.0	0.0	0.0	0.0	0.0	0.0	0.0	0.0	0.0	0.0	31.0	0.0	0.0	0.0	0.0	0.0	0.0	0.0	0.0
A2	0.0	0.0	0.0	0.0	0.0	0.0	0.0	0.0	0.0	0.0	0.0	0.0	0.0	0.0	0.0	0.0	0.0	0.0	0.0	0.0	0.0	0.0	0.0	0.0	0.0	0.0	0.0	0.0	0.0	0.0	0.0	0.0	0.0	0.0	0.0	0.0	0.0	0.0	0.0	0.0	0.0	0.0	18.0	0.0	0.0	0.0	0.0	0.0	0.0	0.0	0.0	0.0	0.0	0.0	0.0	0.0	0.0	0.0
ASF356	0.0	0.0	0.0	0.0	0.0	0.0	0.0	0.0	0.0	0.0	0.0	0.0	0.0	0.0	0.0	0.0	0.0	0.0	0.0	0.0	0.0	0.0	0.0	0.0	0.0	0.0	0.0	0.0	0.0	0.0	0.0	0.0	0.0	0.0	0.0	0.0	0.0	0.0	0.0	0.0	0.0	0.0	0.0	0.0	0.0	0.0	0.0	0.0	0.0	0.0	0.0	0.0	0.0	83.0	0.0	0.0	0.0	0.0
Acetanaerobacterium	0.0	6.0	0.0	7.0	0.0	5.0	0.0	0.0	0.0	0.0	0.0	0.0	0.0	0.0	0.0	0.0	0.0	0.0	0.0	0.0	0.0	0.0	0.0	0.0	0.0	0.0	0.0	0.0	0.0	8.0	0.0	0.0	0.0	0.0	0.0	0.0	0.0	0.0	0.0	0.0	63.0	0.0	0.0	0.0	0.0	0.0	0.0	0.0	0.0	0.0	0.0	0.0	0.0	0.0	0.0	0.0	0.0	0.0
Acetatifactor	0.0	0.0	0.0	0.0	0.0	0.0	0.0	0.0	0.0	0.0	0.0	0.0	0.0	0.0	0.0	0.0	0.0	0.0	0.0	0.0	0.0	0.0	0.0	0.0	0.0	0.0	0.0	0.0	0.0	0.0	0.0	0.0	0.0	0.0	0.0	0.0	0.0	0.0	0.0	0.0	0.0	0.0	0.0	0.0	0.0	0.0	0.0	0.0	0.0	0.0	0.0	0.0	0.0	0.0	5.0	0.0	0.0	0.0
Acidaminococcus	0.0	0.0	5.0	0.0	5.0	0.0	0.0	0.0	0.0	0.0	0.0	0.0	0.0	0.0	0.0	0.0	0.0	0.0	0.0	1452.0	0.0	0.0	0.0	0.0	0.0	0.0	0.0	0.0	0.0	0.0	0.0	0.0	0.0	0.0	0.0	0.0	0.0	31.0	0.0	0.0	0.0	0.0	0.0	0.0	0.0	0.0	236.0	0.0	0.0	254.0	0.0	0.0	0.0	0.0	0.0	164.0	0.0	0.0
Acidisphaera	0.0	0.0	0.0	0.0	0.0	0.0	0.0	0.0	0.0	0.0	0.0	0.0	0.0	0.0	0.0	0.0	0.0	0.0	0.0	0.0	0.0	0.0	0.0	0.0	0.0	0.0	0.0	0.0	0.0	0.0	0.0	0.0	0.0	0.0	0.0	0.0	0.0	0.0	0.0	0.0	0.0	0.0	0.0	0.0	0.0	0.0	0.0	0.0	0.0	0.0	0.0	0.0	0.0	0.0	29.0	0.0	0.0	0.0
Acidovorax	0.0	0.0	0.0	0.0	0.0	0.0	0.0	0.0	0.0	0.0	0.0	0.0	0.0	0.0	0.0	0.0	0.0	0.0	0.0	0.0	0.0	0.0	0.0	0.0	0.0	0.0	0.0	0.0	0.0	0.0	0.0	0.0	0.0	0.0	0.0	0.0	0.0	0.0	0.0	0.0	0.0	0.0	0.0	0.0	0.0	19.0	0.0	0.0	0.0	0.0	0.0	0.0	0.0	0.0	0.0	0.0	0.0	0.0
Acinetobacter	0.0	875.0	0.0	0.0	0.0	0.0	0.0	0.0	0.0	0.0	0.0	0.0	0.0	0.0	0.0	0.0	0.0	0.0	0.0	0.0	0.0	0.0	0.0	0.0	0.0	0.0	0.0	0.0	0.0	0.0	0.0	0.0	0.0	0.0	0.0	0.0	0.0	116.0	195.0	175.0	11.0	27.0	49.0	110.0	41.0	409.0	6.0	32.0	1201.0	9312.0	176.0	71.0	379.0	291.0	35.0	7.0	0.0	0.0
Actinomyces	2.0	0.0	7.0	23.0	7.0	0.0	0.0	0.0	0.0	0.0	0.0	0.0	8.0	0.0	0.0	3.0	18.0	0.0	0.0	0.0	0.0	2.0	0.0	0.0	0.0	6.0	20.0	42.0	0.0	0.0	0.0	7.0	0.0	0.0	0.0	0.0	0.0	0.0	43.0	0.0	33.0	0.0	0.0	2.0	0.0	0.0	0.0	0.0	54.0	0.0	0.0	6.0	0.0	0.0	0.0	0.0	0.0	0.0
Actinomycetospora	0.0	0.0	0.0	0.0	0.0	0.0	0.0	0.0	0.0	0.0	0.0	0.0	0.0	0.0	0.0	0.0	0.0	0.0	0.0	0.0	0.0	0.0	0.0	0.0	0.0	0.0	0.0	0.0	0.0	0.0	0.0	0.0	0.0	0.0	0.0	0.0	0.0	0.0	0.0	0.0	0.0	0.0	0.0	0.0	2.0	0.0	0.0	0.0	0.0	0.0	0.0	0.0	0.0	0.0	0.0	0.0	0.0	0.0
Adlercreutzia	0.0	0.0	0.0	0.0	0.0	0.0	0.0	0.0	0.0	0.0	0.0	0.0	0.0	0.0	0.0	0.0	0.0	0.0	0.0	0.0	0.0	0.0	0.0	0.0	0.0	0.0	0.0	0.0	0.0	5.0	0.0	0.0	0.0	0.0	0.0	0.0	0.0	0.0	0.0	0.0	0.0	0.0	0.0	0.0	0.0	0.0	0.0	0.0	0.0	0.0	0.0	0.0	0.0	0.0	0.0	0.0	0.0	0.0
Aerococcus	0.0	0.0	0.0	0.0	0.0	0.0	0.0	0.0	0.0	0.0	0.0	0.0	0.0	0.0	0.0	0.0	0.0	0.0	0.0	0.0	0.0	0.0	0.0	0.0	0.0	0.0	0.0	0.0	0.0	0.0	0.0	0.0	0.0	0.0	0.0	0.0	0.0	0.0	54.0	0.0	0.0	0.0	0.0	0.0	2.0	0.0	0.0	0.0	0.0	0.0	0.0	0.0	0.0	0.0	0.0	0.0	0.0	0.0
Aeromicrobium	0.0	0.0	0.0	0.0	0.0	0.0	0.0	0.0	0.0	0.0	0.0	0.0	0.0	0.0	0.0	0.0	0.0	0.0	0.0	0.0	0.0	0.0	0.0	0.0	0.0	0.0	0.0	0.0	0.0	0.0	0.0	0.0	0.0	0.0	0.0	0.0	0.0	0.0	0.0	0.0	0.0	0.0	0.0	0.0	0.0	3.0	0.0	0.0	0.0	0.0	0.0	0.0	0.0	0.0	0.0	0.0	0.0	0.0
Afipia	0.0	0.0	0.0	0.0	0.0	0.0	0.0	0.0	0.0	0.0	0.0	0.0	0.0	0.0	0.0	0.0	0.0	0.0	0.0	0.0	0.0	0.0	0.0	0.0	0.0	0.0	0.0	0.0	0.0	0.0	0.0	0.0	0.0	0.0	0.0	0.0	0.0	0.0	30.0	0.0	50.0	0.0	0.0	0.0	0.0	0.0	0.0	0.0	0.0	0.0	0.0	0.0	0.0	0.0	0.0	0.0	0.0	0.0
Agathobacter	1609.0	1569.0	1521.0	689.0	2407.0	33.0	29.0	274.0	809.0	339.0	556.0	313.0	1633.0	0.0	493.0	469.0	57.0	0.0	0.0	645.0	62.0	0.0	101.0	143.0	0.0	0.0	0.0	0.0	4782.0	0.0	1207.0	409.0	0.0	150.0	0.0	297.0	0.0	275.0	0.0	27.0	79.0	0.0	283.0	108.0	164.0	28.0	995.0	0.0	997.0	30.0	767.0	50.0	193.0	8.0	490.0	41.0	0.0	0.0
Aggregatibacter	0.0	0.0	0.0	0.0	0.0	0.0	0.0	0.0	0.0	0.0	3.0	0.0	0.0	0.0	0.0	0.0	0.0	0.0	0.0	0.0	0.0	0.0	4.0	0.0	0.0	0.0	0.0	0.0	0.0	0.0	0.0	0.0	0.0	0.0	0.0	0.0	0.0	0.0	0.0	0.0	0.0	0.0	46.0	0.0	0.0	0.0	0.0	0.0	0.0	0.0	14.0	0.0	0.0	0.0	0.0	0.0	0.0	0.0
Akkermansia	49.0	280.0	2.0	623.0	0.0	0.0	22.0	191.0	127.0	0.0	0.0	6.0	302.0	33.0	143.0	0.0	52.0	272.0	0.0	0.0	139.0	47.0	0.0	53.0	64.0	59.0	0.0	34.0	0.0	0.0	60.0	517.0	0.0	37.0	0.0	26.0	6.0	33.0	0.0	0.0	31.0	0.0	182.0	11.0	239.0	39.0	12.0	80.0	0.0	0.0	52.0	10.0	0.0	0.0	0.0	12.0	0.0	0.0
Alcaligenes	0.0	0.0	0.0	0.0	0.0	0.0	0.0	0.0	0.0	0.0	0.0	0.0	0.0	0.0	0.0	0.0	0.0	0.0	0.0	0.0	0.0	0.0	0.0	0.0	0.0	0.0	0.0	0.0	0.0	0.0	0.0	0.0	0.0	0.0	0.0	0.0	0.0	5.0	0.0	18.0	0.0	0.0	10.0	0.0	0.0	0.0	0.0	0.0	0.0	0.0	0.0	0.0	10.0	0.0	0.0	0.0	0.0	0.0
Alcanivorax	0.0	0.0	0.0	0.0	0.0	0.0	0.0	0.0	0.0	0.0	0.0	0.0	0.0	0.0	0.0	0.0	0.0	0.0	0.0	0.0	0.0	0.0	0.0	0.0	0.0	0.0	0.0	0.0	0.0	0.0	0.0	0.0	0.0	0.0	0.0	0.0	0.0	5.0	16.0	59.0	0.0	0.0	72.0	6.0	11.0	6.0	6.0	20.0	58.0	103.0	14.0	14.0	21.0	25.0	20.0	0.0	48.0	0.0
Alistipes	389.0	3908.0	632.0	1553.0	802.0	2211.0	1032.0	1674.0	1702.0	949.0	547.0	1699.0	6546.0	1156.0	1221.0	106.0	2064.0	270.0	0.0	76.0	1301.0	356.0	389.0	743.0	1328.0	5504.0	1310.0	90.0	485.0	462.0	4500.0	3292.0	0.0	155.0	0.0	205.0	301.0	534.0	2327.0	44.0	1522.0	76.0	3311.0	830.0	905.0	407.0	52.0	422.0	134.0	900.0	679.0	155.0	228.0	1029.0	385.0	946.0	96.0	0.0
Aliterella	0.0	0.0	0.0	0.0	0.0	0.0	0.0	0.0	0.0	0.0	0.0	0.0	0.0	0.0	0.0	0.0	0.0	0.0	0.0	0.0	0.0	0.0	0.0	0.0	0.0	0.0	0.0	0.0	0.0	0.0	0.0	0.0	0.0	0.0	0.0	0.0	0.0	0.0	0.0	0.0	0.0	0.0	0.0	0.0	0.0	0.0	0.0	0.0	0.0	0.0	16.0	0.0	0.0	0.0	0.0	0.0	0.0	0.0
Allisonella	0.0	0.0	0.0	0.0	0.0	0.0	0.0	0.0	0.0	0.0	59.0	118.0	0.0	0.0	0.0	0.0	0.0	0.0	0.0	0.0	0.0	0.0	41.0	0.0	0.0	0.0	0.0	0.0	0.0	0.0	0.0	0.0	0.0	0.0	0.0	0.0	0.0	0.0	0.0	0.0	0.0	0.0	0.0	0.0	0.0	0.0	0.0	0.0	0.0	0.0	0.0	0.0	0.0	0.0	0.0	0.0	0.0	0.0
Alloprevotella	0.0	0.0	0.0	0.0	0.0	0.0	0.0	0.0	0.0	0.0	45.0	0.0	0.0	0.0	0.0	942.0	0.0	0.0	0.0	54.0	0.0	0.0	9.0	0.0	0.0	0.0	0.0	0.0	0.0	0.0	0.0	0.0	0.0	0.0	0.0	0.0	0.0	0.0	0.0	0.0	0.0	0.0	178.0	0.0	0.0	0.0	0.0	0.0	0.0	0.0	9.0	0.0	0.0	0.0	562.0	397.0	0.0	0.0
Allorhizobium-Neorhizobium-Pararhizobium-Rhizobium	0.0	0.0	0.0	0.0	0.0	0.0	0.0	0.0	0.0	0.0	0.0	0.0	0.0	0.0	0.0	0.0	0.0	0.0	0.0	0.0	0.0	0.0	0.0	0.0	0.0	0.0	0.0	0.0	0.0	0.0	0.0	0.0	0.0	0.0	0.0	0.0	0.0	0.0	0.0	0.0	0.0	0.0	0.0	49.0	0.0	39.0	7.0	0.0	0.0	143.0	0.0	0.0	0.0	0.0	0.0	0.0	0.0	0.0
Anaerococcus	0.0	0.0	0.0	0.0	0.0	0.0	0.0	0.0	0.0	0.0	0.0	0.0	0.0	0.0	0.0	0.0	0.0	0.0	0.0	0.0	0.0	0.0	0.0	0.0	0.0	0.0	0.0	0.0	0.0	0.0	0.0	0.0	0.0	0.0	0.0	0.0	0.0	0.0	0.0	4.0	11.0	0.0	0.0	25.0	21.0	0.0	0.0	0.0	0.0	75.0	0.0	23.0	171.0	177.0	73.0	18.0	0.0	0.0
Anaerofilum	5.0	9.0	0.0	0.0	0.0	7.0	11.0	0.0	0.0	6.0	5.0	23.0	0.0	0.0	0.0	0.0	24.0	0.0	0.0	9.0	0.0	0.0	0.0	0.0	3.0	0.0	0.0	0.0	0.0	0.0	6.0	0.0	0.0	0.0	0.0	6.0	0.0	0.0	0.0	0.0	0.0	7.0	36.0	59.0	0.0	0.0	0.0	0.0	0.0	0.0	0.0	0.0	0.0	0.0	0.0	0.0	0.0	0.0
Anaerofustis	0.0	0.0	0.0	0.0	0.0	4.0	0.0	0.0	0.0	0.0	0.0	0.0	9.0	0.0	0.0	16.0	0.0	5.0	0.0	0.0	0.0	0.0	0.0	0.0	0.0	0.0	9.0	27.0	0.0	0.0	5.0	3.0	0.0	6.0	0.0	5.0	6.0	0.0	0.0	0.0	0.0	0.0	0.0	0.0	0.0	0.0	0.0	0.0	0.0	51.0	0.0	0.0	0.0	0.0	0.0	0.0	0.0	0.0
Anaeroglobus	0.0	0.0	0.0	0.0	0.0	0.0	0.0	0.0	0.0	0.0	0.0	0.0	0.0	0.0	0.0	0.0	0.0	0.0	0.0	0.0	0.0	238.0	0.0	0.0	0.0	0.0	0.0	0.0	0.0	0.0	0.0	0.0	0.0	0.0	0.0	0.0	0.0	0.0	0.0	0.0	0.0	0.0	0.0	0.0	0.0	0.0	0.0	0.0	0.0	0.0	0.0	0.0	0.0	0.0	0.0	0.0	0.0	0.0
Anaeroplasma	0.0	0.0	0.0	0.0	0.0	0.0	0.0	7.0	0.0	0.0	0.0	0.0	0.0	0.0	0.0	0.0	0.0	0.0	0.0	0.0	0.0	0.0	0.0	0.0	0.0	0.0	0.0	0.0	0.0	0.0	0.0	0.0	0.0	0.0	0.0	0.0	2.0	0.0	0.0	0.0	34.0	0.0	0.0	0.0	0.0	0.0	0.0	0.0	0.0	0.0	0.0	14.0	0.0	0.0	0.0	0.0	0.0	0.0
Anaerosporobacter	0.0	0.0	0.0	0.0	0.0	0.0	0.0	0.0	0.0	0.0	0.0	0.0	0.0	0.0	0.0	22.0	0.0	0.0	0.0	0.0	0.0	0.0	0.0	0.0	0.0	0.0	0.0	0.0	0.0	0.0	0.0	0.0	0.0	0.0	0.0	0.0	0.0	0.0	0.0	0.0	0.0	0.0	0.0	0.0	0.0	0.0	0.0	0.0	0.0	0.0	0.0	0.0	0.0	0.0	0.0	0.0	0.0	0.0
Anaerosporomusa	0.0	0.0	0.0	0.0	0.0	0.0	12.0	0.0	0.0	0.0	0.0	0.0	0.0	0.0	0.0	0.0	33.0	0.0	0.0	0.0	0.0	0.0	0.0	0.0	0.0	0.0	0.0	0.0	0.0	0.0	0.0	0.0	0.0	0.0	0.0	0.0	0.0	0.0	0.0	0.0	0.0	0.0	0.0	0.0	0.0	0.0	0.0	0.0	0.0	0.0	0.0	0.0	0.0	0.0	0.0	0.0	0.0	0.0
Anaerostignum	0.0	0.0	0.0	0.0	0.0	0.0	0.0	0.0	0.0	0.0	0.0	0.0	0.0	0.0	0.0	0.0	0.0	0.0	0.0	2.0	0.0	0.0	0.0	14.0	0.0	0.0	0.0	0.0	0.0	0.0	0.0	0.0	0.0	0.0	0.0	0.0	0.0	0.0	0.0	0.0	0.0	12.0	0.0	0.0	0.0	0.0	0.0	0.0	0.0	0.0	0.0	0.0	0.0	0.0	0.0	0.0	0.0	0.0
Anaerostipes	485.0	475.0	339.0	6849.0	368.0	0.0	1123.0	94.0	236.0	427.0	54.0	145.0	531.0	948.0	22.0	10.0	1031.0	24.0	0.0	0.0	113.0	0.0	52.0	90.0	158.0	0.0	35.0	131.0	589.0	176.0	483.0	655.0	0.0	13.0	0.0	20.0	0.0	328.0	0.0	0.0	58.0	0.0	33.0	37.0	50.0	7.0	0.0	0.0	0.0	223.0	46.0	0.0	0.0	0.0	15.0	24.0	0.0	0.0
Anaerotruncus	9.0	14.0	0.0	9.0	0.0	0.0	24.0	9.0	48.0	17.0	6.0	13.0	0.0	27.0	0.0	0.0	6.0	3.0	0.0	7.0	0.0	5.0	0.0	9.0	0.0	11.0	69.0	0.0	0.0	17.0	0.0	51.0	0.0	0.0	0.0	0.0	0.0	18.0	0.0	0.0	0.0	15.0	6.0	0.0	0.0	0.0	0.0	0.0	0.0	0.0	6.0	4.0	0.0	0.0	0.0	34.0	0.0	0.0
Angelakisella	0.0	11.0	0.0	0.0	0.0	0.0	0.0	0.0	0.0	0.0	0.0	0.0	4.0	0.0	0.0	0.0	0.0	0.0	0.0	0.0	0.0	0.0	0.0	0.0	0.0	0.0	22.0	0.0	2.0	0.0	0.0	0.0	0.0	0.0	0.0	0.0	0.0	0.0	15.0	0.0	0.0	0.0	0.0	0.0	0.0	0.0	0.0	0.0	0.0	0.0	21.0	0.0	0.0	0.0	0.0	0.0	0.0	0.0
Anoxybacillus	0.0	0.0	0.0	0.0	0.0	0.0	0.0	0.0	0.0	0.0	0.0	0.0	0.0	0.0	0.0	0.0	0.0	0.0	0.0	0.0	0.0	0.0	0.0	0.0	0.0	0.0	0.0	0.0	0.0	0.0	0.0	0.0	0.0	0.0	0.0	0.0	0.0	4.0	0.0	0.0	0.0	0.0	0.0	0.0	0.0	0.0	0.0	0.0	0.0	0.0	0.0	0.0	0.0	0.0	0.0	0.0	0.0	0.0
Aquabacterium	0.0	0.0	0.0	0.0	0.0	0.0	0.0	0.0	0.0	0.0	0.0	0.0	0.0	0.0	0.0	0.0	0.0	0.0	0.0	0.0	0.0	0.0	0.0	0.0	0.0	0.0	0.0	0.0	0.0	0.0	0.0	0.0	0.0	0.0	0.0	0.0	0.0	0.0	0.0	0.0	0.0	0.0	0.0	0.0	0.0	0.0	0.0	0.0	0.0	0.0	33.0	0.0	0.0	0.0	0.0	0.0	0.0	0.0
Arcobacter	0.0	0.0	0.0	0.0	0.0	0.0	1691.0	0.0	0.0	0.0	0.0	0.0	0.0	0.0	0.0	0.0	1968.0	0.0	4.0	0.0	0.0	0.0	0.0	0.0	0.0	0.0	0.0	0.0	0.0	0.0	2.0	0.0	0.0	0.0	0.0	0.0	0.0	0.0	0.0	0.0	0.0	0.0	0.0	0.0	0.0	0.0	0.0	0.0	0.0	0.0	0.0	0.0	0.0	0.0	0.0	0.0	0.0	0.0
Asteroleplasma	0.0	0.0	0.0	0.0	3.0	0.0	0.0	0.0	0.0	0.0	0.0	9.0	0.0	10.0	0.0	0.0	0.0	0.0	0.0	0.0	13.0	0.0	0.0	0.0	0.0	0.0	0.0	0.0	0.0	0.0	0.0	918.0	0.0	0.0	0.0	0.0	0.0	0.0	0.0	0.0	0.0	0.0	0.0	0.0	0.0	0.0	0.0	0.0	0.0	0.0	0.0	4.0	0.0	0.0	0.0	0.0	0.0	0.0
Atopobium	0.0	0.0	0.0	0.0	0.0	0.0	0.0	0.0	0.0	0.0	0.0	0.0	0.0	0.0	0.0	0.0	0.0	0.0	0.0	0.0	0.0	0.0	0.0	0.0	0.0	0.0	0.0	4.0	0.0	2.0	0.0	0.0	0.0	0.0	0.0	0.0	0.0	0.0	0.0	0.0	0.0	0.0	0.0	0.0	0.0	0.0	15.0	0.0	0.0	0.0	12.0	0.0	0.0	0.0	16.0	0.0	0.0	0.0
Auricoccus-Abyssicoccus	0.0	0.0	0.0	0.0	0.0	0.0	0.0	0.0	0.0	0.0	0.0	0.0	0.0	0.0	0.0	0.0	0.0	0.0	0.0	0.0	0.0	0.0	0.0	0.0	0.0	0.0	0.0	0.0	0.0	0.0	0.0	0.0	0.0	0.0	0.0	0.0	0.0	0.0	0.0	0.0	0.0	0.0	0.0	0.0	0.0	0.0	0.0	0.0	0.0	0.0	0.0	0.0	0.0	0.0	0.0	10.0	0.0	0.0
Bacillus	0.0	0.0	0.0	0.0	0.0	0.0	0.0	0.0	0.0	15.0	0.0	0.0	0.0	318.0	0.0	0.0	0.0	0.0	0.0	0.0	0.0	0.0	0.0	0.0	0.0	0.0	0.0	0.0	0.0	1529.0	0.0	0.0	0.0	0.0	0.0	0.0	0.0	0.0	0.0	0.0	0.0	0.0	0.0	0.0	0.0	0.0	0.0	0.0	0.0	0.0	0.0	0.0	0.0	0.0	0.0	0.0	0.0	0.0
Bacteroides	5324.0	9587.0	8785.0	12788.0	13939.0	19819.0	6503.0	9618.0	15858.0	10999.0	2300.0	8804.0	6841.0	3958.0	6864.0	1283.0	8605.0	9688.0	0.0	4073.0	3974.0	4734.0	1787.0	3031.0	9551.0	15983.0	6822.0	4303.0	5764.0	8720.0	3815.0	6829.0	0.0	8962.0	0.0	5536.0	19209.0	3975.0	15132.0	5979.0	29202.0	23602.0	22280.0	3465.0	13819.0	4199.0	18205.0	18028.0	16909.0	18487.0	17462.0	431.0	8138.0	11125.0	2334.0	2729.0	397.0	0.0
Barnesiella	0.0	1258.0	0.0	0.0	0.0	259.0	0.0	708.0	662.0	53.0	174.0	62.0	131.0	379.0	538.0	19.0	0.0	45.0	0.0	0.0	684.0	9.0	139.0	258.0	358.0	29.0	395.0	9.0	179.0	24.0	39.0	2768.0	0.0	0.0	0.0	0.0	161.0	495.0	147.0	0.0	443.0	235.0	38.0	853.0	427.0	99.0	54.0	0.0	0.0	0.0	0.0	20.0	0.0	0.0	91.0	11.0	59.0	0.0
Bdellovibrio	0.0	0.0	0.0	0.0	0.0	0.0	0.0	0.0	0.0	0.0	0.0	0.0	0.0	0.0	0.0	0.0	0.0	0.0	0.0	0.0	0.0	0.0	0.0	0.0	0.0	0.0	0.0	0.0	0.0	0.0	0.0	0.0	0.0	0.0	0.0	0.0	0.0	0.0	0.0	0.0	0.0	0.0	0.0	70.0	0.0	0.0	13.0	0.0	0.0	0.0	0.0	0.0	0.0	0.0	0.0	0.0	0.0	0.0
Bergeyella	0.0	0.0	0.0	0.0	0.0	0.0	0.0	0.0	0.0	0.0	0.0	0.0	0.0	0.0	0.0	0.0	0.0	0.0	0.0	0.0	0.0	0.0	0.0	0.0	0.0	0.0	0.0	0.0	0.0	0.0	0.0	0.0	0.0	0.0	0.0	0.0	0.0	0.0	0.0	0.0	0.0	0.0	0.0	0.0	0.0	0.0	0.0	0.0	46.0	0.0	0.0	0.0	0.0	0.0	0.0	0.0	0.0	0.0
Bifidobacterium	0.0	0.0	0.0	0.0	0.0	0.0	0.0	0.0	0.0	0.0	0.0	0.0	0.0	0.0	0.0	0.0	0.0	0.0	0.0	3.0	0.0	6.0	0.0	0.0	0.0	0.0	0.0	0.0	0.0	4.0	0.0	0.0	0.0	0.0	0.0	0.0	0.0	18.0	9.0	0.0	0.0	0.0	0.0	0.0	0.0	0.0	0.0	0.0	0.0	0.0	0.0	0.0	0.0	0.0	0.0	0.0	0.0	0.0
Bilophila	0.0	31.0	17.0	0.0	28.0	29.0	0.0	39.0	87.0	21.0	40.0	0.0	74.0	12.0	21.0	0.0	31.0	28.0	0.0	34.0	7.0	19.0	25.0	32.0	0.0	33.0	132.0	17.0	195.0	54.0	28.0	205.0	0.0	141.0	0.0	131.0	487.0	116.0	127.0	0.0	0.0	176.0	266.0	94.0	43.0	20.0	11.0	14.0	0.0	125.0	0.0	20.0	0.0	0.0	0.0	0.0	14.0	0.0
Blautia	1919.0	1240.0	241.0	1545.0	407.0	254.0	722.0	122.0	609.0	253.0	339.0	499.0	1512.0	551.0	250.0	345.0	481.0	27.0	4.0	34.0	239.0	27.0	296.0	53.0	619.0	124.0	876.0	545.0	800.0	49.0	914.0	400.0	0.0	166.0	0.0	217.0	75.0	22.0	10.0	0.0	151.0	56.0	55.0	34.0	98.0	0.0	671.0	57.0	96.0	546.0	336.0	12.0	26.0	97.0	53.0	34.0	68.0	0.0
Bosea	0.0	0.0	0.0	0.0	0.0	0.0	0.0	0.0	0.0	0.0	0.0	0.0	0.0	0.0	0.0	0.0	0.0	0.0	0.0	0.0	0.0	0.0	0.0	0.0	0.0	0.0	0.0	0.0	0.0	0.0	0.0	0.0	0.0	0.0	0.0	0.0	0.0	0.0	0.0	0.0	0.0	0.0	0.0	0.0	0.0	0.0	0.0	0.0	0.0	0.0	5.0	0.0	0.0	0.0	0.0	0.0	0.0	0.0
Brachybacterium	0.0	0.0	0.0	0.0	0.0	0.0	0.0	0.0	0.0	0.0	0.0	0.0	0.0	0.0	0.0	0.0	0.0	0.0	0.0	0.0	0.0	0.0	0.0	0.0	0.0	0.0	0.0	0.0	0.0	0.0	0.0	0.0	0.0	0.0	0.0	0.0	0.0	0.0	0.0	0.0	0.0	0.0	0.0	0.0	0.0	0.0	0.0	0.0	0.0	0.0	0.0	0.0	0.0	72.0	0.0	0.0	0.0	0.0
Bradyrhizobium	0.0	0.0	0.0	0.0	0.0	0.0	0.0	0.0	0.0	0.0	0.0	0.0	0.0	0.0	0.0	0.0	0.0	0.0	0.0	0.0	0.0	0.0	0.0	0.0	0.0	0.0	0.0	0.0	0.0	0.0	0.0	0.0	0.0	0.0	0.0	0.0	0.0	0.0	0.0	0.0	24.0	28.0	0.0	7.0	0.0	0.0	0.0	13.0	56.0	57.0	28.0	0.0	0.0	161.0	0.0	0.0	0.0	0.0
Brevibacterium	0.0	0.0	0.0	0.0	0.0	0.0	0.0	0.0	0.0	0.0	0.0	0.0	0.0	0.0	0.0	0.0	0.0	0.0	0.0	0.0	0.0	0.0	0.0	0.0	0.0	0.0	0.0	0.0	0.0	0.0	0.0	0.0	0.0	0.0	0.0	0.0	0.0	0.0	0.0	126.0	0.0	0.0	0.0	0.0	0.0	0.0	0.0	0.0	0.0	314.0	0.0	0.0	88.0	0.0	0.0	0.0	0.0	0.0
Brevundimonas	0.0	0.0	0.0	0.0	0.0	0.0	0.0	0.0	0.0	0.0	0.0	0.0	0.0	0.0	0.0	0.0	0.0	0.0	0.0	0.0	0.0	0.0	0.0	0.0	0.0	0.0	0.0	0.0	0.0	0.0	0.0	0.0	0.0	0.0	0.0	0.0	0.0	0.0	0.0	0.0	0.0	0.0	24.0	0.0	0.0	0.0	0.0	0.0	0.0	394.0	0.0	13.0	0.0	0.0	0.0	0.0	0.0	0.0
Brochothrix	0.0	0.0	0.0	0.0	0.0	0.0	0.0	0.0	0.0	0.0	0.0	0.0	0.0	0.0	0.0	0.0	0.0	0.0	0.0	0.0	0.0	0.0	0.0	0.0	0.0	0.0	0.0	0.0	0.0	0.0	0.0	0.0	0.0	0.0	0.0	0.0	0.0	0.0	76.0	91.0	0.0	0.0	0.0	0.0	0.0	0.0	125.0	0.0	0.0	0.0	0.0	0.0	0.0	0.0	0.0	0.0	0.0	0.0
Burkholderia-Caballeronia-Paraburkholderia	0.0	0.0	0.0	0.0	0.0	0.0	0.0	0.0	0.0	0.0	0.0	0.0	0.0	0.0	0.0	0.0	0.0	0.0	3.0	0.0	0.0	0.0	0.0	0.0	0.0	0.0	0.0	0.0	0.0	4.0	0.0	0.0	0.0	0.0	0.0	0.0	0.0	64.0	158.0	1137.0	239.0	386.0	397.0	514.0	131.0	17.0	89.0	92.0	318.0	466.0	142.0	129.0	1551.0	606.0	135.0	50.0	443.0	0.0
Butyricicoccus	16.0	27.0	62.0	25.0	77.0	0.0	138.0	48.0	71.0	114.0	503.0	0.0	25.0	0.0	10.0	23.0	183.0	8.0	0.0	0.0	0.0	0.0	277.0	15.0	36.0	0.0	23.0	6.0	72.0	11.0	23.0	16.0	0.0	28.0	0.0	51.0	0.0	5.0	15.0	0.0	0.0	66.0	45.0	29.0	36.0	4.0	62.0	16.0	117.0	49.0	19.0	4.0	0.0	0.0	67.0	4.0	0.0	0.0
Butyricimonas	7.0	0.0	17.0	0.0	12.0	3.0	0.0	0.0	35.0	0.0	38.0	0.0	18.0	21.0	6.0	0.0	0.0	0.0	0.0	0.0	0.0	14.0	39.0	0.0	0.0	17.0	18.0	6.0	0.0	0.0	0.0	13.0	0.0	0.0	0.0	0.0	24.0	83.0	11.0	0.0	0.0	0.0	0.0	21.0	0.0	0.0	0.0	0.0	0.0	0.0	0.0	0.0	0.0	18.0	15.0	0.0	0.0	0.0
Butyrivibrio	707.0	0.0	0.0	0.0	0.0	0.0	0.0	0.0	0.0	0.0	0.0	0.0	0.0	0.0	418.0	648.0	0.0	0.0	0.0	15.0	0.0	0.0	0.0	0.0	0.0	0.0	0.0	0.0	0.0	0.0	0.0	0.0	0.0	0.0	0.0	0.0	0.0	0.0	0.0	0.0	0.0	0.0	0.0	0.0	0.0	0.0	0.0	60.0	0.0	0.0	0.0	0.0	0.0	0.0	6.0	1051.0	4008.0	0.0
CAG-352	0.0	0.0	0.0	0.0	0.0	0.0	0.0	5.0	0.0	0.0	0.0	0.0	0.0	0.0	0.0	133.0	0.0	0.0	0.0	0.0	0.0	5.0	0.0	0.0	0.0	0.0	0.0	0.0	0.0	0.0	0.0	0.0	0.0	0.0	0.0	0.0	0.0	0.0	0.0	0.0	0.0	0.0	17.0	170.0	0.0	0.0	0.0	0.0	0.0	0.0	0.0	82.0	0.0	0.0	0.0	0.0	36.0	0.0
CAG-56	0.0	23.0	44.0	0.0	59.0	0.0	0.0	19.0	0.0	0.0	0.0	0.0	78.0	19.0	15.0	0.0	0.0	0.0	0.0	0.0	16.0	0.0	0.0	0.0	0.0	0.0	0.0	0.0	0.0	0.0	16.0	35.0	0.0	0.0	0.0	0.0	0.0	0.0	0.0	0.0	0.0	0.0	0.0	5.0	26.0	0.0	0.0	0.0	0.0	0.0	0.0	14.0	0.0	0.0	41.0	32.0	0.0	0.0
CAG-873	0.0	0.0	0.0	0.0	0.0	0.0	0.0	0.0	0.0	0.0	0.0	0.0	0.0	0.0	0.0	76.0	0.0	0.0	0.0	118.0	0.0	0.0	0.0	0.0	0.0	650.0	0.0	0.0	0.0	0.0	0.0	0.0	0.0	0.0	0.0	0.0	0.0	0.0	0.0	0.0	0.0	0.0	0.0	0.0	0.0	0.0	0.0	0.0	0.0	0.0	0.0	0.0	0.0	0.0	0.0	0.0	0.0	0.0
Camelimonas	0.0	0.0	0.0	0.0	0.0	0.0	0.0	0.0	0.0	0.0	0.0	0.0	0.0	0.0	0.0	0.0	0.0	0.0	0.0	0.0	0.0	0.0	0.0	0.0	0.0	0.0	0.0	0.0	0.0	0.0	0.0	0.0	0.0	0.0	0.0	0.0	0.0	0.0	0.0	0.0	0.0	0.0	0.0	0.0	0.0	0.0	0.0	0.0	60.0	0.0	0.0	0.0	0.0	0.0	0.0	0.0	0.0	0.0
Campylobacter	0.0	0.0	0.0	0.0	0.0	0.0	0.0	0.0	0.0	0.0	0.0	0.0	0.0	0.0	0.0	0.0	0.0	0.0	0.0	0.0	0.0	0.0	0.0	0.0	0.0	9.0	0.0	0.0	0.0	0.0	0.0	0.0	0.0	0.0	0.0	0.0	0.0	0.0	0.0	0.0	0.0	0.0	0.0	0.0	18.0	0.0	0.0	0.0	0.0	0.0	0.0	0.0	0.0	0.0	0.0	0.0	0.0	0.0
Candidatus_Saccharimonas	0.0	0.0	0.0	0.0	0.0	0.0	0.0	0.0	0.0	0.0	0.0	0.0	0.0	0.0	0.0	0.0	0.0	0.0	0.0	0.0	0.0	0.0	0.0	0.0	0.0	0.0	0.0	0.0	0.0	0.0	0.0	0.0	0.0	0.0	0.0	0.0	0.0	0.0	0.0	0.0	0.0	0.0	22.0	0.0	0.0	0.0	0.0	0.0	0.0	0.0	0.0	0.0	0.0	0.0	0.0	0.0	0.0	0.0
Candidatus_Soleaferrea	0.0	0.0	0.0	14.0	0.0	0.0	0.0	14.0	6.0	0.0	0.0	0.0	0.0	3.0	0.0	73.0	2.0	0.0	0.0	0.0	0.0	0.0	0.0	0.0	0.0	0.0	4.0	0.0	0.0	0.0	0.0	6.0	0.0	0.0	0.0	0.0	0.0	0.0	0.0	0.0	0.0	0.0	0.0	0.0	0.0	0.0	0.0	0.0	0.0	0.0	0.0	158.0	0.0	0.0	0.0	0.0	0.0	0.0
Catabacter	0.0	0.0	0.0	9.0	0.0	0.0	0.0	0.0	0.0	4.0	0.0	0.0	0.0	0.0	0.0	0.0	0.0	4.0	0.0	0.0	0.0	0.0	0.0	0.0	0.0	0.0	5.0	0.0	0.0	0.0	0.0	0.0	0.0	0.0	0.0	0.0	0.0	0.0	0.0	0.0	0.0	0.0	0.0	0.0	0.0	0.0	0.0	0.0	0.0	0.0	0.0	0.0	0.0	0.0	0.0	0.0	0.0	0.0
Catenibacillus	0.0	10.0	0.0	11.0	0.0	0.0	0.0	0.0	0.0	0.0	0.0	0.0	0.0	0.0	0.0	0.0	0.0	0.0	0.0	0.0	0.0	0.0	0.0	0.0	0.0	0.0	11.0	0.0	0.0	0.0	0.0	0.0	0.0	0.0	0.0	0.0	0.0	0.0	0.0	0.0	0.0	0.0	0.0	0.0	0.0	0.0	45.0	0.0	8.0	0.0	0.0	0.0	0.0	0.0	0.0	0.0	0.0	0.0
Catenibacterium	0.0	0.0	0.0	0.0	0.0	0.0	0.0	0.0	0.0	0.0	0.0	0.0	0.0	0.0	0.0	2041.0	0.0	0.0	0.0	350.0	0.0	0.0	0.0	0.0	0.0	668.0	0.0	0.0	0.0	113.0	0.0	0.0	0.0	0.0	0.0	0.0	0.0	0.0	0.0	0.0	0.0	0.0	711.0	0.0	0.0	0.0	0.0	0.0	0.0	0.0	0.0	0.0	0.0	0.0	572.0	0.0	0.0	0.0
Cellulosilyticum	0.0	0.0	0.0	0.0	0.0	0.0	0.0	0.0	0.0	0.0	0.0	0.0	0.0	0.0	0.0	0.0	0.0	0.0	0.0	402.0	0.0	0.0	0.0	0.0	0.0	0.0	0.0	0.0	0.0	0.0	0.0	0.0	0.0	0.0	0.0	0.0	0.0	0.0	0.0	0.0	0.0	0.0	0.0	0.0	0.0	0.0	0.0	0.0	0.0	0.0	0.0	0.0	0.0	0.0	0.0	0.0	0.0	0.0
Cellvibrio	0.0	0.0	0.0	0.0	0.0	0.0	0.0	0.0	0.0	0.0	0.0	0.0	0.0	0.0	0.0	0.0	0.0	0.0	0.0	0.0	0.0	0.0	0.0	0.0	0.0	0.0	0.0	0.0	0.0	0.0	0.0	0.0	0.0	0.0	0.0	0.0	0.0	0.0	0.0	0.0	0.0	0.0	0.0	0.0	4.0	0.0	0.0	0.0	0.0	0.0	0.0	0.0	0.0	0.0	0.0	0.0	0.0	0.0
Centipeda	0.0	0.0	0.0	0.0	0.0	0.0	0.0	0.0	0.0	0.0	0.0	0.0	0.0	0.0	0.0	0.0	0.0	0.0	0.0	0.0	0.0	0.0	0.0	0.0	0.0	0.0	0.0	0.0	0.0	0.0	0.0	0.0	0.0	0.0	0.0	0.0	0.0	0.0	0.0	0.0	0.0	0.0	0.0	0.0	0.0	0.0	0.0	0.0	0.0	97.0	0.0	0.0	0.0	0.0	0.0	0.0	0.0	0.0
Cereibacter	0.0	0.0	0.0	0.0	0.0	0.0	0.0	0.0	0.0	0.0	0.0	0.0	0.0	0.0	0.0	0.0	0.0	0.0	0.0	0.0	0.0	0.0	0.0	0.0	0.0	0.0	0.0	0.0	0.0	0.0	0.0	0.0	0.0	0.0	0.0	0.0	0.0	0.0	0.0	0.0	0.0	0.0	0.0	0.0	0.0	0.0	0.0	0.0	0.0	0.0	0.0	0.0	0.0	141.0	0.0	0.0	0.0	0.0
Chalicogloea_CCALA_975	0.0	0.0	0.0	0.0	0.0	0.0	0.0	0.0	0.0	0.0	0.0	0.0	0.0	0.0	0.0	0.0	0.0	0.0	0.0	0.0	0.0	0.0	0.0	0.0	0.0	0.0	0.0	0.0	0.0	0.0	0.0	0.0	0.0	0.0	0.0	0.0	0.0	0.0	0.0	0.0	22.0	0.0	0.0	0.0	0.0	0.0	0.0	0.0	0.0	0.0	0.0	0.0	0.0	0.0	0.0	0.0	0.0	0.0
Chloroplast	0.0	0.0	0.0	29.0	0.0	0.0	22.0	0.0	0.0	0.0	0.0	0.0	0.0	0.0	0.0	0.0	12.0	0.0	43.0	5.0	0.0	0.0	0.0	0.0	0.0	0.0	0.0	8.0	0.0	0.0	0.0	0.0	0.0	4.0	0.0	0.0	0.0	38.0	39.0	244.0	85.0	5.0	0.0	0.0	0.0	0.0	11.0	0.0	0.0	12.0	22.0	11.0	0.0	28.0	6.0	0.0	0.0	0.0
Christensenella	0.0	0.0	0.0	20.0	0.0	0.0	0.0	0.0	4.0	0.0	0.0	12.0	4.0	0.0	0.0	0.0	3.0	0.0	0.0	0.0	6.0	0.0	0.0	0.0	0.0	0.0	5.0	0.0	0.0	0.0	0.0	5.0	0.0	0.0	0.0	0.0	0.0	0.0	0.0	0.0	0.0	0.0	0.0	0.0	0.0	0.0	0.0	0.0	0.0	0.0	17.0	0.0	0.0	0.0	16.0	0.0	0.0	0.0
Christensenellaceae	0.0	0.0	0.0	0.0	0.0	0.0	0.0	0.0	0.0	0.0	0.0	0.0	0.0	0.0	0.0	0.0	0.0	15.0	0.0	0.0	0.0	0.0	0.0	0.0	0.0	0.0	0.0	0.0	0.0	0.0	0.0	0.0	0.0	0.0	0.0	0.0	0.0	0.0	0.0	0.0	0.0	0.0	0.0	0.0	0.0	0.0	0.0	0.0	0.0	0.0	0.0	0.0	0.0	0.0	0.0	0.0	0.0	0.0
Christensenellaceae_R-7_group	315.0	3172.0	249.0	173.0	360.0	158.0	676.0	3868.0	11.0	0.0	4507.0	11182.0	3495.0	862.0	1231.0	1342.0	986.0	44.0	0.0	8195.0	1920.0	5027.0	2294.0	5541.0	180.0	463.0	50.0	899.0	61.0	117.0	3017.0	457.0	0.0	121.0	0.0	158.0	43.0	928.0	64.0	44.0	29.0	28.0	79.0	1274.0	359.0	127.0	15.0	16.0	0.0	36.0	5.0	234.0	0.0	0.0	0.0	586.0	150.0	0.0
Chryseobacterium	0.0	0.0	0.0	0.0	0.0	0.0	0.0	0.0	0.0	0.0	0.0	0.0	0.0	0.0	0.0	0.0	0.0	0.0	0.0	0.0	0.0	0.0	0.0	0.0	0.0	0.0	0.0	0.0	0.0	0.0	0.0	0.0	0.0	0.0	0.0	0.0	0.0	0.0	0.0	0.0	60.0	0.0	0.0	105.0	0.0	21.0	0.0	0.0	0.0	96.0	22.0	0.0	0.0	0.0	0.0	0.0	0.0	0.0
Chryseomicrobium	0.0	0.0	0.0	0.0	0.0	0.0	0.0	0.0	0.0	0.0	0.0	0.0	0.0	0.0	0.0	0.0	0.0	0.0	0.0	0.0	0.0	0.0	0.0	0.0	0.0	0.0	0.0	0.0	0.0	0.0	0.0	0.0	0.0	0.0	0.0	0.0	0.0	0.0	0.0	0.0	0.0	0.0	0.0	0.0	0.0	191.0	0.0	0.0	0.0	0.0	0.0	0.0	0.0	0.0	0.0	0.0	0.0	0.0
Citrobacter	0.0	0.0	0.0	0.0	0.0	50.0	3165.0	0.0	26371.0	0.0	0.0	0.0	0.0	0.0	0.0	2293.0	4167.0	303.0	353.0	356.0	0.0	0.0	0.0	0.0	0.0	9385.0	0.0	0.0	0.0	0.0	0.0	32.0	0.0	0.0	0.0	0.0	0.0	58.0	42.0	0.0	0.0	55.0	52.0	0.0	0.0	0.0	0.0	0.0	0.0	0.0	0.0	0.0	77.0	36.0	0.0	0.0	0.0	0.0
Cloacibacillus	0.0	0.0	0.0	0.0	0.0	0.0	0.0	0.0	0.0	0.0	0.0	0.0	0.0	0.0	12.0	9.0	15.0	53.0	0.0	0.0	0.0	0.0	0.0	0.0	0.0	37.0	0.0	0.0	0.0	94.0	0.0	0.0	0.0	0.0	0.0	0.0	0.0	0.0	0.0	0.0	0.0	0.0	0.0	0.0	0.0	0.0	0.0	0.0	0.0	0.0	0.0	0.0	0.0	0.0	0.0	0.0	0.0	0.0
Cloacibacterium	0.0	0.0	0.0	0.0	0.0	0.0	0.0	0.0	0.0	0.0	0.0	0.0	0.0	0.0	0.0	0.0	0.0	0.0	0.0	0.0	0.0	0.0	0.0	0.0	0.0	0.0	0.0	0.0	0.0	0.0	0.0	0.0	0.0	0.0	0.0	0.0	0.0	0.0	41.0	0.0	0.0	0.0	0.0	27.0	0.0	0.0	13.0	8.0	0.0	0.0	33.0	0.0	173.0	87.0	0.0	2.0	0.0	0.0
Clostridia_UCG-014	0.0	3953.0	28.0	0.0	77.0	0.0	2211.0	7181.0	0.0	93.0	1455.0	501.0	963.0	2712.0	544.0	2570.0	4384.0	0.0	0.0	9326.0	6384.0	2657.0	870.0	5589.0	927.0	157.0	19.0	733.0	0.0	0.0	475.0	2736.0	0.0	937.0	0.0	742.0	0.0	4941.0	72.0	169.0	0.0	0.0	329.0	8848.0	9020.0	1902.0	0.0	11.0	44.0	0.0	12.0	4054.0	76.0	121.0	1511.0	803.0	7410.0	0.0
Clostridia_vadinBB60_group	0.0	87.0	0.0	122.0	10.0	3.0	5.0	10784.0	12.0	5.0	8.0	16.0	358.0	25.0	140.0	254.0	8.0	0.0	0.0	0.0	20.0	35.0	6.0	73.0	5.0	10.0	0.0	7.0	0.0	13.0	241.0	661.0	0.0	0.0	0.0	0.0	0.0	449.0	0.0	0.0	0.0	33.0	38.0	2588.0	72.0	7.0	0.0	15.0	38.0	121.0	22.0	1181.0	96.0	0.0	84.0	191.0	0.0	0.0
Clostridium_sensu_stricto_1	0.0	319.0	17.0	0.0	27.0	0.0	98.0	297.0	0.0	265.0	2055.0	79.0	196.0	785.0	152.0	416.0	126.0	45.0	3225.0	436.0	823.0	9.0	1732.0	1454.0	0.0	0.0	0.0	10.0	0.0	2529.0	135.0	307.0	0.0	1478.0	0.0	1147.0	0.0	0.0	0.0	215.0	27.0	72.0	0.0	0.0	271.0	43.0	11.0	0.0	0.0	0.0	0.0	242.0	504.0	0.0	0.0	25.0	0.0	0.0
Colidextribacter	21.0	0.0	11.0	0.0	10.0	206.0	7.0	3.0	20.0	23.0	49.0	278.0	27.0	31.0	65.0	82.0	18.0	0.0	0.0	24.0	16.0	19.0	5.0	41.0	44.0	0.0	26.0	0.0	95.0	0.0	11.0	90.0	0.0	4.0	0.0	0.0	9.0	59.0	22.0	0.0	59.0	116.0	61.0	98.0	12.0	0.0	0.0	20.0	28.0	152.0	45.0	13.0	87.0	225.0	41.0	0.0	0.0	0.0
Collinsella	9.0	0.0	33.0	0.0	39.0	31.0	0.0	0.0	0.0	7.0	63.0	50.0	9.0	40.0	2.0	13.0	0.0	4.0	0.0	14.0	24.0	0.0	35.0	13.0	3.0	17.0	37.0	22.0	13.0	0.0	13.0	19.0	0.0	0.0	0.0	0.0	0.0	33.0	0.0	0.0	0.0	0.0	0.0	0.0	0.0	0.0	3.0	4.0	0.0	0.0	67.0	0.0	0.0	0.0	0.0	0.0	0.0	0.0
Comamonas	0.0	0.0	0.0	0.0	0.0	0.0	0.0	0.0	0.0	0.0	0.0	0.0	0.0	0.0	0.0	0.0	0.0	0.0	0.0	0.0	0.0	0.0	0.0	495.0	0.0	0.0	0.0	0.0	0.0	0.0	0.0	0.0	0.0	0.0	0.0	0.0	0.0	0.0	0.0	0.0	0.0	0.0	54.0	0.0	0.0	0.0	0.0	20.0	0.0	51.0	0.0	15.0	2.0	0.0	27.0	0.0	21.0	0.0
Coprobacillus	0.0	9.0	0.0	18.0	0.0	0.0	3.0	0.0	11.0	3.0	0.0	0.0	116.0	0.0	0.0	0.0	0.0	13.0	0.0	6.0	0.0	0.0	0.0	0.0	0.0	0.0	0.0	0.0	0.0	5.0	45.0	0.0	0.0	0.0	0.0	0.0	0.0	0.0	0.0	0.0	0.0	141.0	0.0	0.0	0.0	0.0	0.0	0.0	0.0	0.0	0.0	0.0	0.0	0.0	10.0	0.0	0.0	0.0
Coprobacter	0.0	20.0	0.0	51.0	0.0	42.0	0.0	148.0	0.0	21.0	0.0	17.0	15.0	48.0	5.0	0.0	0.0	0.0	0.0	4.0	0.0	0.0	0.0	6.0	191.0	5.0	0.0	6.0	37.0	0.0	12.0	264.0	0.0	36.0	0.0	59.0	113.0	0.0	490.0	0.0	40.0	374.0	1490.0	4.0	97.0	14.0	13.0	0.0	0.0	0.0	0.0	0.0	0.0	0.0	0.0	100.0	0.0	0.0
Coprococcus	265.0	31.0	130.0	12.0	260.0	76.0	0.0	192.0	49.0	40.0	457.0	141.0	43.0	187.0	179.0	42.0	0.0	17.0	0.0	153.0	215.0	1125.0	201.0	37.0	225.0	54.0	93.0	0.0	152.0	31.0	31.0	44.0	0.0	21.0	0.0	25.0	12.0	0.0	0.0	0.0	0.0	55.0	21.0	0.0	34.0	11.0	15.0	0.0	10.0	0.0	17.0	3.0	0.0	79.0	86.0	14.0	96.0	0.0
Coriobacteriaceae_UCG-002	0.0	0.0	0.0	0.0	0.0	0.0	0.0	0.0	0.0	0.0	0.0	0.0	0.0	0.0	0.0	0.0	0.0	0.0	0.0	0.0	0.0	0.0	0.0	0.0	0.0	0.0	3.0	19.0	0.0	0.0	0.0	0.0	0.0	0.0	0.0	0.0	0.0	0.0	0.0	0.0	0.0	0.0	0.0	0.0	0.0	0.0	0.0	0.0	0.0	0.0	0.0	0.0	0.0	0.0	0.0	0.0	0.0	0.0
Corynebacterium	0.0	0.0	0.0	0.0	0.0	0.0	0.0	0.0	0.0	0.0	0.0	0.0	0.0	129.0	0.0	5.0	0.0	0.0	0.0	0.0	0.0	0.0	0.0	0.0	0.0	0.0	0.0	0.0	5.0	0.0	0.0	0.0	0.0	0.0	0.0	0.0	0.0	12.0	0.0	0.0	29.0	41.0	299.0	139.0	18.0	13.0	41.0	84.0	241.0	259.0	46.0	26.0	296.0	488.0	40.0	341.0	37.0	0.0
Cupriavidus	0.0	0.0	0.0	0.0	0.0	0.0	0.0	0.0	0.0	0.0	0.0	0.0	0.0	0.0	0.0	0.0	0.0	0.0	0.0	0.0	0.0	0.0	0.0	0.0	0.0	0.0	0.0	0.0	0.0	0.0	0.0	0.0	0.0	0.0	0.0	0.0	0.0	0.0	0.0	10.0	24.0	31.0	0.0	0.0	0.0	0.0	8.0	3.0	41.0	11.0	32.0	0.0	45.0	47.0	0.0	14.0	0.0	0.0
Cutibacterium	0.0	0.0	0.0	0.0	0.0	0.0	0.0	0.0	0.0	0.0	0.0	0.0	0.0	0.0	0.0	0.0	0.0	0.0	0.0	0.0	0.0	0.0	0.0	0.0	0.0	0.0	0.0	3.0	0.0	0.0	0.0	0.0	0.0	0.0	0.0	0.0	0.0	20.0	260.0	46.0	0.0	157.0	391.0	185.0	173.0	0.0	84.0	24.0	416.0	487.0	150.0	61.0	803.0	270.0	67.0	14.0	323.0	0.0
DTU014	0.0	8.0	0.0	0.0	0.0	11.0	0.0	8.0	0.0	0.0	0.0	0.0	15.0	8.0	0.0	0.0	0.0	0.0	0.0	0.0	6.0	0.0	0.0	10.0	6.0	0.0	0.0	0.0	0.0	0.0	10.0	0.0	0.0	0.0	0.0	0.0	0.0	10.0	0.0	0.0	0.0	0.0	0.0	107.0	0.0	0.0	0.0	0.0	0.0	0.0	0.0	0.0	0.0	0.0	0.0	12.0	0.0	0.0
DTU089	12.0	0.0	0.0	125.0	0.0	15.0	6.0	0.0	45.0	0.0	0.0	5.0	17.0	11.0	0.0	3.0	0.0	0.0	0.0	0.0	40.0	9.0	0.0	42.0	19.0	8.0	13.0	43.0	0.0	0.0	22.0	37.0	0.0	0.0	0.0	0.0	0.0	0.0	0.0	0.0	0.0	0.0	0.0	0.0	0.0	0.0	0.0	0.0	0.0	0.0	0.0	0.0	0.0	0.0	14.0	6.0	0.0	0.0
Defluviitaleaceae_UCG-011	0.0	4.0	0.0	58.0	0.0	0.0	20.0	11.0	0.0	0.0	0.0	0.0	0.0	0.0	6.0	22.0	23.0	3.0	0.0	0.0	5.0	0.0	0.0	7.0	5.0	0.0	0.0	4.0	0.0	0.0	5.0	0.0	0.0	0.0	0.0	0.0	0.0	0.0	0.0	0.0	0.0	0.0	14.0	4.0	0.0	0.0	0.0	3.0	0.0	0.0	0.0	30.0	0.0	0.0	5.0	0.0	0.0	0.0
Deinococcus	0.0	0.0	0.0	0.0	0.0	0.0	0.0	0.0	0.0	0.0	0.0	0.0	0.0	0.0	0.0	0.0	0.0	0.0	0.0	0.0	0.0	0.0	0.0	0.0	0.0	0.0	0.0	0.0	0.0	0.0	0.0	0.0	0.0	0.0	0.0	0.0	0.0	0.0	0.0	0.0	0.0	0.0	0.0	0.0	0.0	28.0	16.0	0.0	0.0	0.0	6.0	0.0	0.0	0.0	0.0	0.0	0.0	0.0
Delftia	0.0	0.0	0.0	0.0	0.0	0.0	0.0	0.0	0.0	0.0	0.0	0.0	0.0	0.0	0.0	0.0	0.0	0.0	0.0	0.0	0.0	0.0	0.0	0.0	0.0	1699.0	0.0	0.0	0.0	0.0	0.0	0.0	0.0	0.0	0.0	0.0	0.0	0.0	0.0	0.0	0.0	0.0	0.0	0.0	0.0	0.0	0.0	0.0	0.0	0.0	0.0	0.0	46.0	0.0	0.0	6.0	0.0	0.0
Demequina	0.0	0.0	0.0	0.0	0.0	0.0	0.0	0.0	0.0	0.0	0.0	0.0	0.0	0.0	0.0	0.0	0.0	0.0	0.0	0.0	0.0	0.0	0.0	0.0	0.0	0.0	0.0	0.0	0.0	0.0	0.0	0.0	0.0	0.0	0.0	0.0	0.0	0.0	0.0	0.0	0.0	0.0	0.0	0.0	0.0	0.0	0.0	0.0	0.0	0.0	0.0	0.0	4.0	0.0	0.0	0.0	0.0	0.0
Desulfovibrio	0.0	0.0	0.0	0.0	0.0	15.0	10.0	0.0	0.0	93.0	407.0	0.0	329.0	0.0	8.0	995.0	0.0	31.0	0.0	543.0	96.0	3.0	200.0	0.0	0.0	43.0	0.0	0.0	0.0	0.0	51.0	35.0	0.0	45.0	0.0	36.0	0.0	36.0	0.0	0.0	0.0	0.0	1088.0	79.0	0.0	0.0	0.0	217.0	0.0	0.0	0.0	188.0	0.0	0.0	0.0	221.0	0.0	0.0
Dialister	1625.0	2846.0	0.0	3150.0	0.0	1934.0	6.0	1258.0	0.0	0.0	7790.0	0.0	0.0	0.0	544.0	616.0	7.0	106.0	0.0	4826.0	3988.0	836.0	4210.0	7948.0	9.0	536.0	48.0	6.0	2917.0	0.0	0.0	999.0	0.0	0.0	0.0	0.0	0.0	1198.0	0.0	0.0	2595.0	47.0	0.0	330.0	0.0	0.0	0.0	27.0	0.0	0.0	0.0	352.0	0.0	0.0	341.0	0.0	0.0	0.0
Diaphorobacter	0.0	0.0	0.0	0.0	0.0	0.0	0.0	0.0	0.0	0.0	0.0	0.0	0.0	0.0	0.0	0.0	0.0	0.0	0.0	0.0	0.0	0.0	0.0	0.0	0.0	0.0	0.0	0.0	0.0	0.0	0.0	0.0	0.0	0.0	0.0	0.0	0.0	0.0	259.0	341.0	80.0	0.0	0.0	0.0	78.0	15.0	144.0	92.0	291.0	249.0	687.0	53.0	231.0	0.0	10.0	40.0	0.0	0.0
Dielma	0.0	0.0	0.0	0.0	0.0	0.0	0.0	0.0	0.0	3.0	0.0	0.0	0.0	3.0	0.0	0.0	0.0	21.0	0.0	0.0	4.0	0.0	0.0	0.0	16.0	34.0	0.0	26.0	0.0	20.0	0.0	0.0	0.0	3.0	0.0	67.0	8.0	19.0	137.0	0.0	0.0	0.0	0.0	0.0	0.0	0.0	0.0	0.0	0.0	0.0	0.0	0.0	0.0	0.0	0.0	0.0	0.0	0.0
Dolosigranulum	0.0	0.0	0.0	0.0	0.0	0.0	0.0	0.0	0.0	0.0	0.0	0.0	0.0	0.0	0.0	0.0	0.0	0.0	0.0	0.0	0.0	0.0	0.0	0.0	0.0	0.0	0.0	0.0	0.0	0.0	0.0	0.0	0.0	0.0	0.0	0.0	0.0	0.0	0.0	0.0	0.0	0.0	83.0	0.0	0.0	0.0	17.0	0.0	99.0	0.0	27.0	8.0	97.0	0.0	0.0	9.0	101.0	0.0
Domibacillus	0.0	0.0	0.0	0.0	0.0	0.0	0.0	0.0	0.0	0.0	0.0	0.0	0.0	0.0	0.0	0.0	0.0	0.0	0.0	0.0	0.0	0.0	0.0	0.0	0.0	0.0	0.0	0.0	0.0	0.0	0.0	0.0	0.0	0.0	0.0	0.0	0.0	0.0	0.0	0.0	0.0	0.0	0.0	0.0	0.0	0.0	0.0	0.0	0.0	0.0	0.0	8.0	0.0	109.0	25.0	0.0	0.0	0.0
Dorea	214.0	438.0	81.0	998.0	101.0	223.0	127.0	128.0	179.0	103.0	333.0	165.0	197.0	112.0	157.0	328.0	128.0	18.0	0.0	56.0	74.0	63.0	225.0	124.0	79.0	28.0	231.0	0.0	194.0	0.0	143.0	62.0	0.0	34.0	0.0	63.0	68.0	41.0	0.0	0.0	12.0	0.0	31.0	36.0	74.0	0.0	156.0	0.0	40.0	28.0	84.0	7.0	0.0	23.0	81.0	13.0	0.0	0.0
Dubosiella	0.0	0.0	0.0	0.0	0.0	0.0	0.0	0.0	0.0	0.0	0.0	0.0	0.0	0.0	0.0	0.0	0.0	0.0	0.0	0.0	0.0	0.0	0.0	0.0	0.0	0.0	0.0	0.0	0.0	0.0	0.0	0.0	0.0	0.0	0.0	0.0	0.0	0.0	0.0	0.0	8.0	8.0	70.0	8.0	0.0	0.0	0.0	8.0	26.0	59.0	5.0	0.0	0.0	58.0	15.0	0.0	0.0	0.0
Dysgonomonas	0.0	0.0	0.0	0.0	0.0	0.0	0.0	0.0	0.0	0.0	0.0	0.0	0.0	0.0	0.0	0.0	4.0	0.0	1980.0	0.0	0.0	0.0	0.0	0.0	0.0	0.0	0.0	0.0	0.0	0.0	0.0	0.0	0.0	0.0	0.0	0.0	0.0	0.0	0.0	0.0	0.0	0.0	0.0	0.0	0.0	0.0	0.0	0.0	0.0	0.0	0.0	0.0	0.0	0.0	0.0	0.0	0.0	0.0
Eggerthella	0.0	0.0	0.0	38.0	0.0	0.0	10.0	0.0	5.0	0.0	0.0	0.0	0.0	0.0	0.0	0.0	12.0	0.0	0.0	0.0	0.0	0.0	0.0	0.0	0.0	0.0	0.0	50.0	0.0	9.0	0.0	0.0	0.0	0.0	0.0	0.0	0.0	0.0	0.0	0.0	0.0	0.0	0.0	0.0	0.0	0.0	0.0	0.0	0.0	0.0	0.0	0.0	0.0	0.0	0.0	0.0	0.0	0.0
Eisenbergiella	0.0	0.0	0.0	52.0	0.0	9.0	7.0	0.0	46.0	0.0	0.0	0.0	55.0	8.0	0.0	0.0	0.0	11.0	0.0	0.0	12.0	0.0	0.0	0.0	0.0	21.0	116.0	7.0	0.0	191.0	15.0	0.0	0.0	0.0	0.0	0.0	0.0	35.0	0.0	0.0	0.0	64.0	13.0	0.0	0.0	0.0	0.0	4.0	0.0	0.0	0.0	0.0	0.0	0.0	0.0	0.0	0.0	0.0
Elusimicrobium	0.0	0.0	0.0	0.0	0.0	0.0	0.0	0.0	0.0	0.0	0.0	0.0	0.0	0.0	0.0	0.0	0.0	0.0	0.0	0.0	0.0	0.0	0.0	0.0	0.0	0.0	0.0	0.0	0.0	0.0	0.0	0.0	0.0	0.0	0.0	0.0	0.0	0.0	0.0	0.0	0.0	0.0	0.0	0.0	0.0	0.0	0.0	0.0	0.0	0.0	0.0	176.0	0.0	0.0	0.0	0.0	0.0	0.0
Enhydrobacter	0.0	0.0	0.0	0.0	0.0	0.0	0.0	0.0	0.0	0.0	0.0	0.0	0.0	0.0	0.0	0.0	0.0	0.0	0.0	0.0	0.0	0.0	0.0	0.0	0.0	0.0	0.0	0.0	0.0	0.0	0.0	0.0	0.0	0.0	0.0	0.0	0.0	6.0	0.0	154.0	51.0	41.0	0.0	0.0	0.0	0.0	206.0	44.0	550.0	93.0	0.0	13.0	0.0	511.0	0.0	0.0	209.0	0.0
Enorma	0.0	0.0	0.0	0.0	0.0	0.0	0.0	0.0	0.0	0.0	0.0	0.0	0.0	0.0	0.0	0.0	0.0	0.0	0.0	0.0	0.0	0.0	0.0	0.0	0.0	0.0	0.0	20.0	0.0	0.0	0.0	0.0	0.0	0.0	0.0	0.0	0.0	0.0	0.0	0.0	0.0	0.0	0.0	0.0	0.0	0.0	0.0	0.0	0.0	0.0	0.0	0.0	0.0	0.0	0.0	0.0	0.0	0.0
Enterococcus	0.0	0.0	0.0	0.0	0.0	9.0	9.0	0.0	0.0	13.0	7.0	0.0	0.0	12.0	0.0	0.0	0.0	609.0	59.0	7.0	0.0	40.0	13.0	10.0	0.0	87.0	0.0	489.0	0.0	274.0	0.0	0.0	0.0	2.0	0.0	0.0	296.0	0.0	881.0	0.0	0.0	397.0	23.0	0.0	0.0	5.0	0.0	0.0	0.0	0.0	0.0	0.0	0.0	0.0	0.0	5.0	0.0	0.0
Enterorhabdus	0.0	0.0	0.0	0.0	0.0	24.0	0.0	30.0	0.0	0.0	0.0	0.0	19.0	21.0	0.0	0.0	0.0	0.0	0.0	7.0	13.0	0.0	11.0	0.0	0.0	4.0	0.0	0.0	4.0	0.0	11.0	15.0	0.0	0.0	0.0	0.0	0.0	0.0	0.0	0.0	0.0	0.0	3.0	2.0	0.0	0.0	0.0	0.0	0.0	0.0	0.0	0.0	0.0	0.0	0.0	0.0	0.0	0.0
Epulopiscium	0.0	15.0	0.0	0.0	0.0	0.0	0.0	0.0	0.0	0.0	14.0	0.0	0.0	0.0	0.0	2.0	0.0	0.0	0.0	0.0	0.0	0.0	0.0	25.0	0.0	0.0	0.0	0.0	0.0	0.0	0.0	0.0	0.0	0.0	0.0	0.0	0.0	0.0	0.0	0.0	0.0	0.0	0.0	0.0	0.0	0.0	0.0	0.0	0.0	0.0	0.0	0.0	0.0	0.0	0.0	0.0	0.0	0.0
Erysipelatoclostridiaceae	0.0	0.0	0.0	0.0	0.0	0.0	0.0	0.0	0.0	0.0	0.0	0.0	0.0	0.0	0.0	0.0	0.0	0.0	0.0	0.0	0.0	0.0	0.0	15.0	0.0	0.0	0.0	0.0	0.0	0.0	0.0	0.0	0.0	0.0	0.0	0.0	0.0	0.0	0.0	0.0	0.0	0.0	0.0	0.0	0.0	0.0	0.0	0.0	0.0	0.0	0.0	0.0	0.0	0.0	0.0	0.0	56.0	0.0
Erysipelatoclostridium	0.0	150.0	2.0	437.0	0.0	100.0	290.0	0.0	59.0	61.0	0.0	0.0	31.0	0.0	13.0	0.0	149.0	5.0	277.0	8.0	0.0	5.0	0.0	2.0	49.0	50.0	709.0	454.0	5.0	60.0	16.0	204.0	0.0	67.0	0.0	89.0	20.0	0.0	22.0	0.0	44.0	396.0	88.0	0.0	58.0	5.0	0.0	4.0	28.0	5.0	0.0	0.0	0.0	78.0	0.0	6.0	0.0	0.0
Erysipelotrichaceae	0.0	0.0	0.0	0.0	0.0	0.0	0.0	0.0	0.0	0.0	0.0	0.0	0.0	0.0	0.0	0.0	0.0	84.0	0.0	0.0	0.0	0.0	0.0	0.0	0.0	0.0	0.0	0.0	0.0	0.0	0.0	0.0	0.0	0.0	0.0	0.0	0.0	0.0	0.0	0.0	0.0	0.0	0.0	0.0	0.0	0.0	0.0	0.0	0.0	0.0	0.0	0.0	0.0	0.0	0.0	0.0	0.0	0.0
Erysipelotrichaceae_UCG-003	1157.0	1253.0	273.0	0.0	334.0	110.0	15.0	516.0	1597.0	1454.0	84.0	143.0	232.0	353.0	121.0	0.0	0.0	51.0	0.0	11.0	159.0	38.0	63.0	22.0	543.0	7.0	0.0	97.0	559.0	8.0	153.0	401.0	0.0	319.0	0.0	334.0	6.0	99.0	0.0	0.0	0.0	0.0	350.0	1533.0	0.0	5.0	0.0	0.0	0.0	0.0	211.0	0.0	302.0	185.0	0.0	4.0	0.0	0.0
Escherichia-Shigella	775.0	2872.0	28.0	835.0	23.0	255.0	4292.0	154.0	0.0	0.0	375.0	27.0	0.0	3392.0	21300.0	5302.0	7318.0	6025.0	39650.0	6111.0	0.0	0.0	110.0	12013.0	13744.0	7320.0	12075.0	5746.0	2973.0	2181.0	0.0	728.0	0.0	1395.0	0.0	1918.0	4074.0	1237.0	246.0	256.0	496.0	766.0	317.0	29.0	21.0	0.0	0.0	24.0	71.0	0.0	0.0	0.0	516.0	9404.0	101.0	298.0	0.0	0.0
Eubacterium	0.0	0.0	0.0	6.0	0.0	7.0	0.0	0.0	0.0	0.0	0.0	0.0	0.0	0.0	0.0	6.0	0.0	0.0	0.0	0.0	8.0	0.0	0.0	0.0	0.0	6.0	0.0	0.0	0.0	103.0	0.0	0.0	0.0	0.0	0.0	0.0	0.0	0.0	0.0	0.0	0.0	0.0	0.0	0.0	0.0	0.0	0.0	0.0	0.0	0.0	0.0	0.0	0.0	0.0	0.0	0.0	0.0	0.0
Exiguobacterium	0.0	0.0	0.0	0.0	0.0	0.0	0.0	0.0	0.0	0.0	0.0	0.0	0.0	0.0	0.0	0.0	0.0	0.0	0.0	0.0	0.0	0.0	0.0	0.0	0.0	0.0	0.0	0.0	0.0	0.0	0.0	0.0	0.0	0.0	0.0	0.0	0.0	0.0	0.0	0.0	0.0	0.0	0.0	0.0	0.0	273.0	0.0	0.0	0.0	0.0	0.0	0.0	0.0	0.0	0.0	0.0	0.0	0.0
F0058	0.0	0.0	0.0	0.0	0.0	0.0	0.0	0.0	0.0	0.0	0.0	0.0	0.0	0.0	0.0	0.0	0.0	0.0	0.0	0.0	0.0	0.0	0.0	0.0	0.0	0.0	0.0	0.0	0.0	0.0	0.0	0.0	0.0	0.0	0.0	0.0	0.0	0.0	0.0	0.0	0.0	0.0	17.0	0.0	0.0	0.0	0.0	0.0	0.0	0.0	0.0	0.0	0.0	0.0	0.0	0.0	0.0	0.0
F0332	0.0	0.0	0.0	0.0	0.0	0.0	0.0	0.0	0.0	0.0	0.0	0.0	0.0	0.0	0.0	0.0	0.0	0.0	0.0	0.0	0.0	0.0	0.0	0.0	0.0	0.0	0.0	5.0	0.0	0.0	0.0	0.0	0.0	0.0	0.0	0.0	0.0	0.0	0.0	0.0	0.0	0.0	0.0	0.0	0.0	0.0	0.0	0.0	0.0	0.0	0.0	0.0	0.0	0.0	0.0	0.0	0.0	0.0
Facklamia	0.0	0.0	0.0	0.0	0.0	0.0	0.0	0.0	0.0	0.0	0.0	0.0	0.0	0.0	0.0	0.0	0.0	0.0	0.0	0.0	0.0	0.0	0.0	0.0	0.0	0.0	0.0	0.0	0.0	0.0	0.0	0.0	0.0	0.0	0.0	0.0	0.0	0.0	17.0	0.0	0.0	21.0	39.0	0.0	0.0	0.0	0.0	7.0	0.0	0.0	0.0	0.0	0.0	0.0	5.0	8.0	0.0	0.0
Faecalibacterium	1426.0	606.0	1480.0	205.0	2279.0	453.0	2973.0	508.0	364.0	2712.0	1219.0	1060.0	852.0	230.0	1032.0	268.0	4041.0	0.0	0.0	247.0	95.0	17.0	851.0	977.0	544.0	8.0	344.0	6.0	1239.0	0.0	443.0	131.0	0.0	1578.0	0.0	964.0	298.0	55.0	0.0	0.0	0.0	26.0	157.0	289.0	54.0	45.0	265.0	849.0	69.0	43.0	458.0	6.0	132.0	185.0	402.0	29.0	30.0	0.0
Faecalibaculum	0.0	0.0	0.0	0.0	0.0	0.0	0.0	0.0	0.0	0.0	0.0	0.0	0.0	0.0	0.0	0.0	0.0	0.0	0.0	0.0	0.0	0.0	0.0	0.0	0.0	0.0	0.0	0.0	0.0	0.0	0.0	0.0	0.0	0.0	0.0	0.0	0.0	0.0	0.0	0.0	0.0	0.0	0.0	0.0	0.0	0.0	5.0	4.0	0.0	0.0	0.0	0.0	0.0	0.0	0.0	0.0	0.0	0.0
Faecalicoccus	0.0	0.0	0.0	0.0	0.0	0.0	0.0	0.0	0.0	0.0	0.0	0.0	0.0	3.0	0.0	0.0	0.0	0.0	0.0	4.0	0.0	2.0	0.0	0.0	0.0	0.0	0.0	0.0	0.0	712.0	0.0	0.0	0.0	0.0	0.0	0.0	11.0	0.0	0.0	0.0	0.0	0.0	0.0	0.0	0.0	0.0	0.0	0.0	0.0	0.0	0.0	0.0	0.0	0.0	0.0	0.0	0.0	0.0
Faecalitalea	0.0	0.0	0.0	0.0	0.0	0.0	0.0	0.0	0.0	0.0	0.0	0.0	0.0	0.0	0.0	0.0	0.0	37.0	0.0	0.0	0.0	0.0	0.0	17.0	0.0	65.0	8.0	5.0	0.0	0.0	0.0	0.0	0.0	18.0	0.0	32.0	0.0	0.0	0.0	0.0	0.0	0.0	6.0	0.0	7.0	0.0	0.0	0.0	0.0	0.0	0.0	0.0	0.0	351.0	0.0	17.0	0.0	0.0
Family_XIII_AD3011_group	49.0	38.0	4.0	170.0	19.0	14.0	22.0	33.0	128.0	15.0	8.0	98.0	41.0	38.0	72.0	122.0	19.0	15.0	0.0	32.0	81.0	15.0	10.0	35.0	11.0	19.0	307.0	168.0	8.0	21.0	62.0	63.0	0.0	18.0	0.0	20.0	2.0	110.0	0.0	0.0	0.0	22.0	0.0	0.0	0.0	3.0	0.0	21.0	0.0	0.0	57.0	5.0	0.0	0.0	32.0	3.0	0.0	0.0
Family_XIII_UCG-001	22.0	10.0	10.0	0.0	15.0	0.0	16.0	19.0	27.0	17.0	0.0	0.0	62.0	0.0	19.0	37.0	19.0	10.0	0.0	0.0	8.0	3.0	0.0	26.0	39.0	0.0	16.0	0.0	0.0	0.0	32.0	65.0	0.0	0.0	0.0	0.0	12.0	0.0	0.0	0.0	0.0	9.0	0.0	5.0	0.0	7.0	0.0	0.0	0.0	0.0	12.0	4.0	0.0	0.0	0.0	0.0	0.0	0.0
Fastidiosipila	0.0	0.0	0.0	0.0	0.0	0.0	0.0	0.0	0.0	0.0	0.0	0.0	0.0	0.0	0.0	0.0	0.0	0.0	0.0	0.0	0.0	0.0	0.0	0.0	0.0	3.0	0.0	0.0	0.0	0.0	0.0	0.0	0.0	0.0	0.0	0.0	0.0	0.0	0.0	0.0	0.0	0.0	0.0	0.0	0.0	0.0	0.0	0.0	0.0	0.0	0.0	0.0	0.0	0.0	0.0	0.0	0.0	0.0
Fenollaria	0.0	0.0	0.0	27.0	0.0	0.0	0.0	0.0	0.0	0.0	0.0	0.0	0.0	0.0	0.0	0.0	0.0	0.0	0.0	0.0	0.0	0.0	0.0	0.0	0.0	0.0	0.0	0.0	0.0	0.0	0.0	0.0	0.0	0.0	0.0	0.0	0.0	0.0	0.0	0.0	0.0	0.0	0.0	0.0	0.0	0.0	0.0	0.0	0.0	0.0	0.0	0.0	0.0	0.0	0.0	0.0	0.0	0.0
Ferruginibacter	0.0	0.0	0.0	0.0	0.0	0.0	0.0	0.0	0.0	0.0	0.0	0.0	0.0	0.0	0.0	0.0	0.0	0.0	0.0	0.0	0.0	0.0	0.0	0.0	0.0	0.0	0.0	0.0	0.0	0.0	0.0	0.0	0.0	0.0	0.0	0.0	0.0	0.0	0.0	0.0	0.0	0.0	0.0	22.0	0.0	0.0	0.0	0.0	0.0	0.0	0.0	0.0	0.0	0.0	0.0	0.0	0.0	0.0
Finegoldia	0.0	0.0	0.0	0.0	0.0	0.0	0.0	0.0	0.0	0.0	0.0	0.0	0.0	0.0	0.0	0.0	0.0	0.0	0.0	0.0	0.0	0.0	0.0	0.0	0.0	0.0	0.0	0.0	0.0	0.0	0.0	0.0	0.0	0.0	0.0	0.0	0.0	0.0	0.0	0.0	0.0	0.0	0.0	0.0	0.0	0.0	16.0	0.0	0.0	0.0	0.0	0.0	0.0	0.0	0.0	0.0	33.0	0.0
Flavobacterium	0.0	0.0	0.0	0.0	0.0	0.0	0.0	0.0	0.0	0.0	0.0	0.0	0.0	0.0	0.0	0.0	0.0	0.0	0.0	0.0	0.0	0.0	0.0	0.0	0.0	0.0	0.0	0.0	0.0	0.0	0.0	0.0	0.0	0.0	0.0	0.0	0.0	0.0	0.0	0.0	18.0	0.0	0.0	164.0	0.0	0.0	0.0	0.0	0.0	0.0	0.0	0.0	0.0	0.0	0.0	0.0	0.0	0.0
Flavonifractor	0.0	64.0	5.0	66.0	12.0	0.0	42.0	0.0	72.0	14.0	33.0	0.0	35.0	11.0	0.0	0.0	43.0	28.0	0.0	0.0	21.0	31.0	10.0	0.0	6.0	0.0	148.0	75.0	47.0	33.0	19.0	35.0	0.0	0.0	0.0	0.0	0.0	8.0	37.0	0.0	346.0	475.0	96.0	0.0	29.0	0.0	654.0	40.0	23.0	44.0	3.0	0.0	0.0	59.0	7.0	24.0	0.0	0.0
Fournierella	0.0	12.0	0.0	23.0	0.0	49.0	0.0	0.0	0.0	0.0	26.0	13.0	0.0	4.0	0.0	46.0	0.0	42.0	0.0	0.0	39.0	0.0	45.0	6.0	35.0	0.0	0.0	0.0	0.0	0.0	0.0	0.0	0.0	0.0	0.0	0.0	35.0	0.0	0.0	0.0	0.0	793.0	0.0	0.0	0.0	0.0	80.0	0.0	56.0	0.0	0.0	0.0	0.0	0.0	0.0	0.0	0.0	0.0
Frisingicoccus	0.0	18.0	0.0	62.0	0.0	0.0	0.0	0.0	0.0	0.0	0.0	0.0	21.0	0.0	0.0	0.0	0.0	25.0	0.0	0.0	0.0	0.0	0.0	0.0	0.0	0.0	47.0	14.0	0.0	94.0	0.0	21.0	0.0	0.0	0.0	0.0	0.0	17.0	15.0	0.0	0.0	60.0	0.0	0.0	0.0	0.0	22.0	0.0	0.0	0.0	0.0	0.0	0.0	0.0	0.0	0.0	0.0	0.0
Fusicatenibacter	308.0	293.0	55.0	166.0	100.0	0.0	25.0	0.0	132.0	30.0	24.0	19.0	0.0	118.0	80.0	40.0	7.0	0.0	0.0	19.0	11.0	0.0	13.0	7.0	19.0	0.0	73.0	0.0	187.0	0.0	20.0	54.0	0.0	0.0	0.0	0.0	0.0	0.0	0.0	0.0	18.0	0.0	0.0	0.0	0.0	0.0	23.0	0.0	189.0	0.0	9.0	0.0	53.0	0.0	17.0	0.0	0.0	0.0
Fusobacterium	0.0	0.0	0.0	0.0	0.0	0.0	0.0	0.0	0.0	0.0	0.0	0.0	0.0	0.0	74.0	0.0	0.0	1487.0	0.0	0.0	0.0	0.0	0.0	0.0	0.0	24.0	0.0	0.0	0.0	0.0	0.0	0.0	0.0	0.0	0.0	0.0	591.0	0.0	0.0	0.0	0.0	5.0	0.0	0.0	0.0	0.0	0.0	0.0	0.0	0.0	0.0	0.0	0.0	0.0	0.0	0.0	0.0	0.0
GCA-900066575	0.0	0.0	0.0	0.0	0.0	0.0	0.0	0.0	0.0	0.0	0.0	7.0	9.0	0.0	0.0	0.0	0.0	0.0	0.0	0.0	0.0	0.0	0.0	0.0	0.0	81.0	0.0	0.0	0.0	0.0	0.0	0.0	0.0	0.0	0.0	0.0	0.0	0.0	0.0	0.0	0.0	0.0	24.0	0.0	0.0	0.0	0.0	0.0	0.0	0.0	0.0	0.0	0.0	0.0	18.0	0.0	0.0	0.0
GCA-900066755	0.0	6.0	0.0	0.0	0.0	0.0	0.0	0.0	0.0	0.0	0.0	0.0	0.0	0.0	0.0	0.0	0.0	0.0	0.0	0.0	0.0	4.0	0.0	0.0	0.0	0.0	0.0	0.0	0.0	0.0	0.0	0.0	0.0	0.0	0.0	0.0	0.0	0.0	40.0	0.0	0.0	0.0	0.0	0.0	0.0	0.0	0.0	0.0	0.0	0.0	0.0	0.0	0.0	101.0	0.0	0.0	0.0	0.0
Gastranaerophilales	0.0	0.0	0.0	0.0	0.0	0.0	260.0	20.0	6.0	0.0	0.0	14.0	0.0	0.0	0.0	7.0	158.0	0.0	0.0	0.0	0.0	498.0	0.0	0.0	210.0	0.0	44.0	0.0	0.0	0.0	2.0	0.0	0.0	281.0	0.0	295.0	0.0	0.0	1736.0	0.0	0.0	0.0	756.0	543.0	41.0	0.0	0.0	0.0	0.0	0.0	0.0	1136.0	0.0	0.0	0.0	45.0	0.0	0.0
Gemella	0.0	0.0	2.0	0.0	0.0	0.0	0.0	0.0	0.0	0.0	0.0	0.0	0.0	0.0	0.0	0.0	0.0	0.0	0.0	0.0	0.0	0.0	0.0	0.0	0.0	0.0	0.0	0.0	0.0	0.0	0.0	0.0	0.0	0.0	0.0	0.0	0.0	0.0	0.0	0.0	0.0	0.0	0.0	0.0	0.0	0.0	12.0	0.0	0.0	0.0	13.0	28.0	0.0	0.0	0.0	0.0	0.0	0.0
Gemmobacter	0.0	0.0	0.0	0.0	0.0	0.0	0.0	0.0	0.0	0.0	0.0	0.0	0.0	0.0	0.0	0.0	0.0	0.0	0.0	0.0	0.0	0.0	0.0	0.0	0.0	0.0	0.0	0.0	0.0	0.0	0.0	0.0	0.0	0.0	0.0	0.0	0.0	0.0	0.0	0.0	0.0	0.0	0.0	51.0	0.0	0.0	0.0	0.0	0.0	0.0	0.0	0.0	0.0	0.0	0.0	0.0	0.0	0.0
Geobacillus	0.0	0.0	0.0	0.0	0.0	0.0	0.0	0.0	0.0	0.0	0.0	0.0	0.0	0.0	0.0	0.0	0.0	0.0	0.0	0.0	0.0	0.0	0.0	0.0	0.0	0.0	0.0	0.0	0.0	0.0	0.0	0.0	0.0	0.0	0.0	0.0	0.0	0.0	0.0	0.0	0.0	0.0	0.0	28.0	0.0	0.0	0.0	0.0	0.0	0.0	0.0	0.0	0.0	0.0	0.0	0.0	0.0	0.0
Georgenia	0.0	0.0	0.0	0.0	0.0	0.0	0.0	0.0	0.0	0.0	0.0	0.0	0.0	0.0	0.0	0.0	0.0	0.0	0.0	0.0	0.0	0.0	0.0	0.0	0.0	0.0	0.0	0.0	0.0	0.0	0.0	0.0	0.0	0.0	0.0	0.0	0.0	0.0	0.0	0.0	0.0	0.0	0.0	0.0	0.0	18.0	0.0	0.0	0.0	0.0	0.0	0.0	0.0	0.0	0.0	0.0	0.0	0.0
Glutamicibacter	0.0	0.0	0.0	0.0	0.0	0.0	0.0	0.0	0.0	0.0	0.0	0.0	0.0	0.0	0.0	0.0	0.0	0.0	0.0	0.0	0.0	0.0	0.0	0.0	0.0	0.0	0.0	0.0	0.0	0.0	0.0	0.0	0.0	0.0	0.0	0.0	0.0	0.0	0.0	0.0	28.0	0.0	0.0	0.0	0.0	0.0	0.0	9.0	26.0	0.0	18.0	0.0	0.0	0.0	0.0	5.0	0.0	0.0
Gordonia	0.0	0.0	0.0	0.0	0.0	0.0	0.0	0.0	0.0	0.0	0.0	0.0	0.0	0.0	0.0	0.0	0.0	0.0	0.0	0.0	0.0	0.0	0.0	0.0	0.0	0.0	0.0	0.0	0.0	0.0	0.0	0.0	0.0	0.0	0.0	0.0	0.0	0.0	0.0	0.0	0.0	0.0	0.0	0.0	0.0	0.0	0.0	0.0	0.0	0.0	0.0	0.0	0.0	7.0	0.0	0.0	0.0	0.0
Gordonibacter	0.0	0.0	0.0	10.0	0.0	0.0	0.0	0.0	12.0	0.0	0.0	0.0	0.0	0.0	0.0	0.0	0.0	0.0	0.0	0.0	0.0	0.0	0.0	0.0	0.0	0.0	0.0	3.0	0.0	0.0	0.0	0.0	0.0	0.0	0.0	0.0	0.0	0.0	0.0	0.0	0.0	0.0	0.0	0.0	0.0	0.0	0.0	0.0	0.0	0.0	0.0	0.0	0.0	0.0	0.0	0.0	0.0	0.0
Haematobacter	0.0	0.0	0.0	0.0	0.0	0.0	0.0	0.0	0.0	0.0	0.0	0.0	0.0	0.0	0.0	0.0	0.0	0.0	0.0	0.0	0.0	0.0	0.0	0.0	0.0	0.0	0.0	0.0	0.0	0.0	0.0	0.0	0.0	0.0	0.0	0.0	0.0	0.0	0.0	0.0	28.0	0.0	0.0	0.0	0.0	0.0	0.0	24.0	31.0	334.0	0.0	0.0	0.0	0.0	0.0	0.0	0.0	0.0
Haemophilus	208.0	0.0	602.0	7.0	684.0	2.0	95.0	0.0	0.0	0.0	3262.0	0.0	0.0	0.0	0.0	196.0	104.0	0.0	0.0	24.0	0.0	0.0	4187.0	0.0	0.0	0.0	0.0	0.0	0.0	0.0	0.0	0.0	0.0	115.0	0.0	58.0	0.0	0.0	0.0	191.0	39.0	0.0	35.0	0.0	0.0	0.0	0.0	0.0	0.0	0.0	37.0	57.0	8.0	0.0	0.0	0.0	0.0	0.0
Hafnia-Obesumbacterium	0.0	0.0	0.0	0.0	0.0	0.0	176.0	0.0	0.0	1064.0	0.0	0.0	0.0	0.0	0.0	491.0	66.0	16.0	0.0	0.0	0.0	0.0	0.0	0.0	0.0	0.0	0.0	0.0	0.0	121.0	0.0	0.0	0.0	0.0	0.0	0.0	0.0	2939.0	0.0	0.0	0.0	0.0	0.0	0.0	0.0	0.0	0.0	0.0	0.0	0.0	0.0	0.0	0.0	0.0	0.0	0.0	0.0	0.0
Harryflintia	0.0	0.0	0.0	0.0	0.0	0.0	0.0	5.0	0.0	0.0	0.0	0.0	8.0	0.0	0.0	0.0	2.0	0.0	0.0	0.0	0.0	0.0	0.0	7.0	0.0	0.0	0.0	0.0	0.0	0.0	7.0	0.0	0.0	0.0	0.0	0.0	0.0	0.0	0.0	0.0	0.0	0.0	0.0	0.0	0.0	0.0	0.0	0.0	0.0	0.0	0.0	0.0	0.0	0.0	0.0	0.0	0.0	0.0
Helicobacter	0.0	0.0	0.0	0.0	0.0	0.0	0.0	0.0	0.0	0.0	0.0	0.0	0.0	0.0	0.0	0.0	0.0	0.0	0.0	0.0	0.0	0.0	0.0	0.0	0.0	0.0	0.0	0.0	0.0	0.0	0.0	0.0	0.0	0.0	0.0	0.0	0.0	0.0	0.0	0.0	81.0	2.0	0.0	0.0	0.0	0.0	0.0	0.0	0.0	0.0	0.0	0.0	284.0	0.0	0.0	0.0	0.0	0.0
Holdemanella	353.0	0.0	391.0	0.0	570.0	0.0	0.0	0.0	0.0	3786.0	1940.0	723.0	713.0	0.0	264.0	1445.0	0.0	0.0	0.0	152.0	0.0	0.0	1816.0	0.0	0.0	0.0	0.0	0.0	0.0	0.0	673.0	0.0	0.0	1126.0	0.0	1869.0	40.0	4.0	0.0	0.0	0.0	0.0	880.0	0.0	0.0	0.0	0.0	0.0	0.0	0.0	186.0	98.0	0.0	85.0	492.0	3.0	0.0	0.0
Holdemania	14.0	23.0	0.0	148.0	0.0	35.0	17.0	2.0	24.0	29.0	6.0	0.0	16.0	7.0	0.0	0.0	10.0	0.0	0.0	0.0	5.0	11.0	0.0	36.0	0.0	5.0	46.0	0.0	9.0	27.0	14.0	15.0	0.0	18.0	0.0	0.0	49.0	0.0	15.0	0.0	5.0	46.0	110.0	0.0	30.0	0.0	0.0	0.0	0.0	0.0	24.0	0.0	0.0	0.0	18.0	0.0	0.0	0.0
Howardella	8.0	0.0	0.0	0.0	11.0	63.0	10.0	20.0	6.0	32.0	106.0	51.0	0.0	8.0	19.0	18.0	14.0	23.0	0.0	46.0	0.0	0.0	73.0	20.0	0.0	60.0	23.0	0.0	61.0	10.0	15.0	64.0	0.0	74.0	0.0	125.0	0.0	0.0	21.0	0.0	0.0	0.0	60.0	0.0	3.0	0.0	0.0	78.0	0.0	25.0	13.0	0.0	0.0	0.0	0.0	21.0	0.0	0.0
Hungatella	0.0	8.0	0.0	0.0	0.0	0.0	42.0	0.0	0.0	0.0	0.0	17.0	0.0	10.0	0.0	0.0	53.0	104.0	0.0	0.0	0.0	0.0	0.0	0.0	0.0	67.0	0.0	0.0	0.0	32.0	0.0	0.0	0.0	0.0	0.0	0.0	0.0	0.0	0.0	0.0	0.0	59.0	0.0	11.0	12.0	0.0	0.0	0.0	0.0	0.0	5.0	0.0	0.0	0.0	0.0	0.0	0.0	0.0
Hydrogenoanaerobacterium	0.0	0.0	0.0	0.0	0.0	0.0	31.0	26.0	0.0	0.0	0.0	0.0	0.0	0.0	0.0	0.0	73.0	0.0	0.0	0.0	4.0	15.0	0.0	0.0	3.0	0.0	0.0	0.0	0.0	0.0	0.0	0.0	0.0	0.0	0.0	0.0	0.0	0.0	0.0	0.0	0.0	0.0	0.0	7.0	0.0	0.0	0.0	0.0	0.0	0.0	0.0	25.0	0.0	0.0	0.0	0.0	0.0	0.0
Hydrogenophaga	0.0	0.0	0.0	0.0	0.0	0.0	0.0	0.0	0.0	0.0	0.0	0.0	0.0	0.0	0.0	0.0	0.0	0.0	0.0	0.0	0.0	0.0	0.0	0.0	0.0	0.0	0.0	0.0	0.0	0.0	0.0	0.0	0.0	0.0	0.0	0.0	0.0	0.0	0.0	0.0	0.0	0.0	0.0	7.0	0.0	0.0	0.0	0.0	0.0	0.0	0.0	0.0	0.0	0.0	0.0	0.0	0.0	0.0
Iamia	0.0	0.0	0.0	0.0	0.0	0.0	0.0	0.0	0.0	0.0	0.0	0.0	0.0	0.0	0.0	0.0	0.0	0.0	0.0	0.0	0.0	0.0	0.0	0.0	0.0	0.0	0.0	0.0	0.0	0.0	0.0	0.0	0.0	0.0	0.0	0.0	0.0	0.0	0.0	0.0	0.0	0.0	0.0	7.0	0.0	0.0	0.0	0.0	0.0	0.0	0.0	0.0	0.0	0.0	0.0	0.0	0.0	0.0
Ileibacterium	0.0	0.0	0.0	0.0	0.0	0.0	0.0	0.0	0.0	0.0	0.0	0.0	0.0	0.0	0.0	0.0	0.0	0.0	0.0	0.0	0.0	0.0	0.0	0.0	0.0	0.0	0.0	0.0	0.0	0.0	0.0	0.0	0.0	0.0	0.0	0.0	0.0	0.0	0.0	0.0	0.0	0.0	30.0	0.0	9.0	0.0	0.0	14.0	0.0	0.0	0.0	0.0	0.0	0.0	0.0	0.0	0.0	0.0
Ilumatobacter	0.0	0.0	0.0	0.0	0.0	0.0	0.0	0.0	0.0	0.0	0.0	0.0	0.0	0.0	0.0	0.0	0.0	0.0	0.0	0.0	0.0	0.0	0.0	0.0	0.0	0.0	0.0	0.0	0.0	0.0	0.0	0.0	0.0	0.0	0.0	0.0	0.0	0.0	0.0	0.0	0.0	0.0	0.0	71.0	0.0	0.0	0.0	0.0	0.0	0.0	8.0	0.0	0.0	0.0	0.0	0.0	0.0	0.0
Incertae_Sedis	398.0	238.0	140.0	536.0	171.0	46.0	68.0	42.0	218.0	8.0	7.0	55.0	140.0	41.0	57.0	59.0	63.0	70.0	0.0	84.0	90.0	83.0	0.0	232.0	77.0	40.0	158.0	178.0	91.0	389.0	103.0	125.0	0.0	13.0	0.0	22.0	82.0	15.0	172.0	0.0	112.0	289.0	119.0	50.0	8.0	13.0	741.0	45.0	84.0	0.0	3.0	9.0	0.0	0.0	71.0	0.0	0.0	0.0
Intestinibacter	0.0	691.0	5.0	992.0	6.0	18.0	7.0	22.0	51.0	29.0	1783.0	89.0	0.0	332.0	0.0	142.0	0.0	0.0	0.0	32.0	460.0	6.0	1247.0	361.0	0.0	0.0	0.0	0.0	0.0	10.0	0.0	250.0	0.0	0.0	0.0	0.0	0.0	14.0	0.0	204.0	59.0	41.0	0.0	0.0	38.0	7.0	0.0	0.0	0.0	0.0	0.0	0.0	0.0	253.0	0.0	11.0	0.0	0.0
Intestinimonas	16.0	69.0	0.0	0.0	0.0	17.0	29.0	9.0	10.0	0.0	0.0	45.0	14.0	26.0	7.0	0.0	86.0	0.0	0.0	3.0	7.0	0.0	0.0	10.0	0.0	10.0	45.0	0.0	9.0	0.0	9.0	86.0	0.0	0.0	0.0	0.0	0.0	7.0	0.0	0.0	0.0	0.0	7.0	43.0	0.0	0.0	0.0	0.0	0.0	0.0	5.0	0.0	0.0	0.0	0.0	57.0	0.0	0.0
Izemoplasmatales	0.0	0.0	0.0	0.0	0.0	0.0	27.0	372.0	0.0	0.0	0.0	9.0	0.0	0.0	4.0	10.0	34.0	0.0	0.0	0.0	18.0	636.0	0.0	41.0	0.0	0.0	0.0	0.0	0.0	0.0	0.0	0.0	0.0	0.0	0.0	0.0	0.0	723.0	0.0	0.0	0.0	0.0	0.0	212.0	0.0	0.0	0.0	0.0	0.0	0.0	0.0	1136.0	0.0	0.0	0.0	1014.0	0.0	0.0
JG30-KF-CM45	0.0	0.0	0.0	0.0	0.0	0.0	0.0	0.0	0.0	0.0	0.0	0.0	0.0	0.0	0.0	0.0	0.0	0.0	0.0	0.0	0.0	0.0	0.0	0.0	0.0	0.0	0.0	0.0	0.0	0.0	0.0	0.0	0.0	0.0	0.0	0.0	0.0	2.0	0.0	0.0	0.0	0.0	0.0	0.0	0.0	0.0	0.0	0.0	0.0	0.0	0.0	0.0	28.0	0.0	0.0	0.0	0.0	0.0
Janibacter	0.0	0.0	0.0	0.0	0.0	0.0	0.0	0.0	0.0	0.0	0.0	0.0	0.0	0.0	0.0	0.0	0.0	0.0	0.0	0.0	0.0	0.0	0.0	0.0	0.0	0.0	0.0	0.0	0.0	0.0	0.0	0.0	0.0	0.0	0.0	0.0	0.0	0.0	0.0	0.0	0.0	0.0	0.0	0.0	0.0	0.0	0.0	0.0	0.0	0.0	17.0	0.0	0.0	0.0	0.0	0.0	0.0	0.0
Jeotgalicoccus	0.0	0.0	0.0	0.0	0.0	0.0	0.0	0.0	0.0	0.0	0.0	0.0	0.0	0.0	0.0	0.0	0.0	0.0	0.0	0.0	0.0	0.0	0.0	0.0	0.0	0.0	0.0	0.0	0.0	0.0	0.0	0.0	0.0	0.0	0.0	0.0	0.0	0.0	0.0	0.0	0.0	0.0	7.0	0.0	0.0	0.0	0.0	0.0	38.0	0.0	0.0	0.0	0.0	0.0	0.0	0.0	0.0	0.0
Johnsonella	3.0	0.0	0.0	0.0	0.0	0.0	0.0	0.0	0.0	0.0	0.0	0.0	0.0	0.0	0.0	0.0	0.0	0.0	0.0	0.0	0.0	0.0	0.0	0.0	0.0	0.0	0.0	0.0	0.0	0.0	0.0	0.0	0.0	0.0	0.0	0.0	0.0	0.0	0.0	0.0	0.0	0.0	0.0	0.0	0.0	0.0	0.0	0.0	0.0	0.0	0.0	0.0	0.0	0.0	0.0	0.0	0.0	0.0
Kocuria	0.0	0.0	0.0	0.0	0.0	0.0	0.0	0.0	0.0	0.0	0.0	0.0	0.0	0.0	0.0	0.0	0.0	0.0	0.0	0.0	0.0	0.0	0.0	0.0	0.0	0.0	0.0	0.0	0.0	0.0	0.0	0.0	0.0	0.0	0.0	0.0	0.0	0.0	0.0	0.0	0.0	0.0	0.0	0.0	0.0	0.0	0.0	0.0	0.0	0.0	0.0	0.0	0.0	132.0	0.0	0.0	0.0	0.0
Lachnoanaerobaculum	0.0	0.0	0.0	0.0	0.0	0.0	0.0	0.0	0.0	0.0	0.0	0.0	0.0	0.0	0.0	0.0	0.0	0.0	0.0	0.0	0.0	0.0	0.0	0.0	0.0	0.0	0.0	0.0	0.0	0.0	0.0	0.0	0.0	0.0	0.0	0.0	0.0	0.0	0.0	0.0	20.0	0.0	0.0	0.0	0.0	0.0	0.0	0.0	0.0	0.0	0.0	0.0	0.0	0.0	0.0	0.0	0.0	0.0
Lachnoclostridium	94.0	8.0	167.0	186.0	266.0	7.0	363.0	57.0	1349.0	204.0	100.0	116.0	11.0	24.0	91.0	65.0	258.0	46.0	0.0	2.0	0.0	0.0	33.0	113.0	26.0	13.0	40.0	12.0	460.0	236.0	0.0	32.0	0.0	114.0	0.0	195.0	0.0	15.0	109.0	0.0	977.0	205.0	3.0	0.0	12.0	0.0	4.0	257.0	57.0	225.0	127.0	4.0	0.0	141.0	129.0	16.0	0.0	0.0
Lachnospira	31.0	14.0	430.0	0.0	829.0	45.0	31.0	108.0	37.0	29.0	108.0	31.0	29.0	0.0	212.0	0.0	38.0	0.0	0.0	42.0	0.0	17.0	38.0	13.0	20.0	0.0	0.0	0.0	34.0	0.0	0.0	69.0	0.0	323.0	0.0	232.0	0.0	10.0	0.0	0.0	983.0	13.0	0.0	67.0	16.0	0.0	0.0	0.0	0.0	0.0	70.0	0.0	15.0	0.0	121.0	0.0	0.0	0.0
Lachnospiraceae_FCS020_group	35.0	8.0	6.0	0.0	0.0	0.0	0.0	5.0	0.0	0.0	0.0	0.0	0.0	15.0	0.0	17.0	0.0	0.0	0.0	13.0	0.0	0.0	0.0	11.0	0.0	0.0	0.0	0.0	0.0	0.0	9.0	0.0	0.0	0.0	0.0	14.0	0.0	9.0	0.0	0.0	0.0	0.0	0.0	0.0	0.0	0.0	11.0	0.0	0.0	0.0	0.0	6.0	0.0	0.0	0.0	0.0	0.0	0.0
Lachnospiraceae_NC2004_group	0.0	0.0	0.0	0.0	0.0	0.0	0.0	0.0	0.0	0.0	0.0	0.0	0.0	0.0	0.0	0.0	0.0	0.0	0.0	0.0	15.0	0.0	0.0	0.0	0.0	0.0	0.0	0.0	0.0	0.0	0.0	0.0	0.0	0.0	0.0	0.0	0.0	0.0	0.0	0.0	0.0	0.0	0.0	0.0	0.0	0.0	0.0	0.0	0.0	0.0	0.0	0.0	0.0	0.0	0.0	0.0	0.0	0.0
Lachnospiraceae_ND3007_group	6.0	199.0	28.0	0.0	31.0	0.0	129.0	0.0	24.0	124.0	19.0	0.0	0.0	0.0	50.0	0.0	171.0	0.0	0.0	17.0	51.0	10.0	0.0	83.0	123.0	0.0	0.0	0.0	38.0	0.0	23.0	12.0	0.0	0.0	0.0	4.0	0.0	0.0	0.0	0.0	0.0	0.0	0.0	33.0	45.0	13.0	0.0	0.0	0.0	0.0	112.0	0.0	0.0	0.0	4.0	10.0	0.0	0.0
Lachnospiraceae_NK4A136_group	39.0	182.0	11.0	33.0	0.0	748.0	11.0	135.0	420.0	33.0	51.0	216.0	48.0	57.0	77.0	84.0	51.0	35.0	0.0	231.0	50.0	390.0	16.0	59.0	125.0	1678.0	208.0	0.0	142.0	0.0	14.0	101.0	0.0	157.0	0.0	239.0	55.0	74.0	0.0	76.0	1103.0	36.0	410.0	177.0	128.0	27.0	30.0	4.0	111.0	83.0	1402.0	725.0	575.0	372.0	301.0	112.0	330.0	0.0
Lachnospiraceae_NK4B4_group	0.0	0.0	0.0	0.0	0.0	0.0	0.0	0.0	0.0	0.0	0.0	0.0	0.0	0.0	0.0	0.0	0.0	0.0	0.0	0.0	12.0	0.0	0.0	0.0	0.0	16.0	0.0	0.0	0.0	0.0	0.0	0.0	0.0	0.0	0.0	0.0	0.0	0.0	0.0	0.0	0.0	0.0	0.0	0.0	0.0	0.0	0.0	0.0	0.0	0.0	0.0	0.0	0.0	0.0	0.0	0.0	0.0	0.0
Lachnospiraceae_UCG-001	18.0	0.0	328.0	0.0	663.0	0.0	4.0	0.0	0.0	5.0	0.0	5.0	0.0	0.0	53.0	0.0	0.0	0.0	0.0	30.0	0.0	35.0	0.0	10.0	36.0	0.0	0.0	0.0	0.0	0.0	0.0	8.0	0.0	0.0	0.0	0.0	0.0	0.0	0.0	0.0	29.0	0.0	0.0	34.0	0.0	0.0	0.0	0.0	24.0	18.0	0.0	0.0	49.0	52.0	30.0	0.0	42.0	0.0
Lachnospiraceae_UCG-002	0.0	0.0	0.0	0.0	0.0	0.0	0.0	0.0	0.0	0.0	0.0	0.0	0.0	0.0	0.0	0.0	0.0	0.0	0.0	4.0	0.0	0.0	0.0	0.0	0.0	0.0	0.0	0.0	0.0	0.0	0.0	0.0	0.0	0.0	0.0	0.0	0.0	0.0	0.0	0.0	0.0	0.0	0.0	0.0	0.0	0.0	0.0	0.0	0.0	0.0	0.0	0.0	0.0	0.0	0.0	0.0	0.0	0.0
Lachnospiraceae_UCG-003	0.0	0.0	0.0	0.0	0.0	0.0	12.0	0.0	0.0	0.0	0.0	0.0	0.0	0.0	0.0	0.0	0.0	0.0	0.0	0.0	0.0	0.0	0.0	0.0	0.0	0.0	0.0	0.0	0.0	0.0	0.0	0.0	0.0	0.0	0.0	0.0	0.0	0.0	0.0	0.0	0.0	0.0	0.0	0.0	0.0	0.0	0.0	0.0	0.0	0.0	0.0	0.0	0.0	0.0	0.0	0.0	0.0	0.0
Lachnospiraceae_UCG-004	0.0	0.0	0.0	0.0	0.0	0.0	25.0	8.0	71.0	17.0	30.0	0.0	0.0	0.0	56.0	0.0	37.0	0.0	0.0	0.0	0.0	0.0	13.0	0.0	0.0	0.0	9.0	0.0	0.0	0.0	0.0	0.0	0.0	0.0	0.0	10.0	84.0	0.0	0.0	0.0	46.0	0.0	0.0	5.0	14.0	0.0	0.0	0.0	0.0	0.0	51.0	0.0	0.0	0.0	10.0	0.0	0.0	0.0
Lachnospiraceae_UCG-006	0.0	0.0	0.0	0.0	0.0	0.0	0.0	0.0	0.0	0.0	0.0	0.0	0.0	0.0	0.0	0.0	0.0	0.0	0.0	0.0	0.0	0.0	0.0	0.0	0.0	0.0	0.0	0.0	0.0	0.0	0.0	0.0	0.0	0.0	0.0	0.0	0.0	0.0	0.0	0.0	0.0	0.0	16.0	0.0	0.0	0.0	7.0	0.0	0.0	0.0	0.0	0.0	0.0	0.0	15.0	0.0	0.0	0.0
Lachnospiraceae_UCG-007	0.0	0.0	0.0	0.0	0.0	0.0	0.0	0.0	0.0	0.0	0.0	0.0	0.0	0.0	0.0	0.0	0.0	0.0	0.0	0.0	0.0	0.0	0.0	0.0	0.0	0.0	0.0	0.0	0.0	0.0	0.0	0.0	0.0	0.0	0.0	0.0	0.0	0.0	0.0	0.0	0.0	0.0	0.0	0.0	0.0	0.0	18.0	0.0	0.0	0.0	0.0	0.0	0.0	0.0	0.0	0.0	0.0	0.0
Lachnospiraceae_UCG-008	10.0	16.0	0.0	10.0	8.0	0.0	15.0	0.0	35.0	7.0	0.0	7.0	6.0	0.0	17.0	19.0	9.0	0.0	0.0	0.0	0.0	0.0	3.0	9.0	0.0	12.0	0.0	0.0	8.0	0.0	0.0	0.0	0.0	0.0	0.0	0.0	4.0	0.0	0.0	0.0	0.0	13.0	0.0	22.0	0.0	0.0	0.0	0.0	0.0	0.0	0.0	0.0	0.0	0.0	16.0	0.0	0.0	0.0
Lachnospiraceae_UCG-010	0.0	0.0	36.0	0.0	52.0	0.0	0.0	0.0	53.0	14.0	6.0	0.0	14.0	0.0	15.0	0.0	3.0	0.0	0.0	3.0	0.0	0.0	0.0	8.0	0.0	0.0	0.0	0.0	0.0	0.0	0.0	0.0	0.0	0.0	0.0	2.0	48.0	0.0	0.0	0.0	105.0	95.0	0.0	23.0	0.0	0.0	38.0	0.0	6.0	0.0	0.0	7.0	0.0	0.0	0.0	0.0	37.0	0.0
Lactobacillus	208.0	55.0	101.0	351.0	143.0	9017.0	0.0	102.0	0.0	20.0	93.0	35.0	0.0	213.0	244.0	321.0	0.0	3622.0	861.0	323.0	0.0	8419.0	151.0	84.0	1168.0	0.0	13.0	7252.0	0.0	7605.0	4.0	0.0	0.0	4644.0	0.0	4767.0	4869.0	366.0	1263.0	114.0	173.0	106.0	303.0	62.0	114.0	16.0	15.0	18.0	6024.0	0.0	20.0	22.0	0.0	394.0	41.0	0.0	0.0	0.0
Lactococcus	3.0	0.0	0.0	0.0	0.0	8.0	0.0	0.0	0.0	0.0	21.0	0.0	4.0	55.0	0.0	0.0	3.0	0.0	0.0	15.0	0.0	0.0	13.0	0.0	0.0	9.0	0.0	0.0	58.0	10.0	0.0	0.0	0.0	0.0	0.0	0.0	4.0	0.0	0.0	0.0	0.0	12.0	32.0	0.0	0.0	0.0	0.0	0.0	64.0	0.0	0.0	0.0	0.0	0.0	0.0	4.0	0.0	0.0
Lactonifactor	0.0	0.0	0.0	0.0	0.0	0.0	0.0	0.0	0.0	0.0	0.0	0.0	0.0	0.0	0.0	0.0	0.0	0.0	0.0	0.0	0.0	0.0	0.0	0.0	0.0	0.0	0.0	0.0	0.0	0.0	0.0	0.0	0.0	0.0	0.0	0.0	0.0	0.0	0.0	0.0	0.0	0.0	0.0	0.0	0.0	0.0	0.0	6.0	0.0	0.0	0.0	0.0	0.0	0.0	0.0	0.0	0.0	0.0
Lawsonella	0.0	0.0	0.0	0.0	0.0	0.0	0.0	0.0	0.0	0.0	0.0	0.0	0.0	0.0	0.0	0.0	0.0	0.0	0.0	0.0	0.0	0.0	0.0	0.0	0.0	0.0	0.0	0.0	0.0	0.0	0.0	0.0	0.0	0.0	0.0	0.0	0.0	0.0	0.0	0.0	0.0	0.0	0.0	34.0	0.0	0.0	0.0	0.0	49.0	0.0	0.0	0.0	0.0	67.0	0.0	0.0	0.0	0.0
Leminorella	0.0	0.0	0.0	0.0	0.0	0.0	0.0	0.0	0.0	0.0	0.0	0.0	0.0	0.0	0.0	0.0	0.0	62.0	0.0	0.0	0.0	0.0	0.0	0.0	0.0	0.0	0.0	0.0	0.0	0.0	0.0	0.0	0.0	0.0	0.0	0.0	0.0	0.0	0.0	0.0	0.0	0.0	0.0	0.0	0.0	0.0	0.0	0.0	0.0	0.0	0.0	0.0	0.0	0.0	0.0	0.0	0.0	0.0
Leuconostoc	0.0	0.0	0.0	0.0	0.0	0.0	0.0	0.0	0.0	0.0	0.0	0.0	0.0	0.0	0.0	0.0	0.0	0.0	0.0	0.0	0.0	0.0	0.0	0.0	0.0	0.0	0.0	20.0	0.0	0.0	0.0	0.0	0.0	0.0	0.0	0.0	0.0	0.0	0.0	0.0	0.0	0.0	0.0	0.0	0.0	0.0	0.0	0.0	0.0	0.0	4.0	0.0	0.0	0.0	0.0	8.0	0.0	0.0
Libanicoccus	0.0	0.0	0.0	0.0	0.0	0.0	0.0	0.0	0.0	0.0	0.0	0.0	0.0	2.0	0.0	7.0	0.0	0.0	0.0	0.0	0.0	0.0	0.0	0.0	0.0	0.0	0.0	0.0	0.0	0.0	0.0	0.0	0.0	0.0	0.0	0.0	0.0	0.0	0.0	0.0	0.0	0.0	0.0	0.0	0.0	0.0	0.0	0.0	0.0	0.0	0.0	0.0	0.0	0.0	0.0	5.0	0.0	0.0
Mailhella	0.0	0.0	0.0	0.0	0.0	0.0	0.0	0.0	0.0	0.0	0.0	0.0	0.0	0.0	0.0	10.0	0.0	0.0	0.0	8.0	0.0	0.0	0.0	0.0	0.0	0.0	0.0	0.0	0.0	0.0	0.0	0.0	0.0	0.0	0.0	0.0	0.0	0.0	0.0	0.0	0.0	0.0	53.0	0.0	0.0	0.0	0.0	0.0	0.0	0.0	0.0	0.0	0.0	0.0	0.0	0.0	0.0	0.0
Marinococcus	0.0	0.0	0.0	0.0	0.0	0.0	0.0	0.0	0.0	0.0	0.0	0.0	0.0	0.0	0.0	0.0	0.0	0.0	0.0	0.0	0.0	0.0	0.0	0.0	0.0	0.0	0.0	0.0	0.0	0.0	0.0	0.0	0.0	0.0	0.0	0.0	0.0	0.0	0.0	0.0	0.0	0.0	0.0	0.0	11.0	0.0	0.0	0.0	0.0	0.0	0.0	0.0	0.0	0.0	0.0	0.0	0.0	0.0
Marinomonas	0.0	0.0	0.0	0.0	0.0	0.0	0.0	0.0	0.0	0.0	0.0	0.0	0.0	0.0	0.0	0.0	0.0	0.0	0.0	0.0	0.0	0.0	0.0	0.0	0.0	0.0	0.0	0.0	0.0	0.0	0.0	0.0	0.0	0.0	0.0	0.0	0.0	12.0	14.0	0.0	0.0	0.0	0.0	52.0	33.0	0.0	0.0	0.0	0.0	0.0	22.0	0.0	0.0	79.0	0.0	0.0	0.0	0.0
Marmoricola	0.0	0.0	0.0	0.0	0.0	0.0	0.0	0.0	0.0	0.0	0.0	0.0	0.0	0.0	0.0	0.0	0.0	0.0	0.0	0.0	0.0	0.0	0.0	0.0	0.0	0.0	0.0	0.0	0.0	0.0	0.0	0.0	0.0	0.0	0.0	0.0	0.0	0.0	0.0	0.0	0.0	0.0	0.0	0.0	0.0	3.0	0.0	0.0	56.0	0.0	0.0	0.0	0.0	0.0	0.0	0.0	0.0	0.0
Marvinbryantia	32.0	12.0	0.0	20.0	0.0	0.0	18.0	6.0	16.0	0.0	9.0	0.0	0.0	0.0	5.0	18.0	0.0	0.0	0.0	11.0	50.0	0.0	0.0	0.0	12.0	0.0	0.0	0.0	0.0	0.0	0.0	0.0	0.0	0.0	0.0	0.0	0.0	14.0	0.0	0.0	0.0	34.0	7.0	34.0	0.0	0.0	0.0	0.0	0.0	0.0	0.0	0.0	0.0	0.0	6.0	0.0	0.0	0.0
Massilia	0.0	0.0	0.0	0.0	0.0	0.0	0.0	0.0	0.0	0.0	0.0	0.0	0.0	0.0	0.0	0.0	0.0	0.0	0.0	0.0	0.0	0.0	0.0	0.0	0.0	0.0	0.0	0.0	0.0	0.0	0.0	0.0	0.0	0.0	0.0	0.0	0.0	0.0	0.0	0.0	0.0	0.0	0.0	0.0	0.0	138.0	0.0	0.0	0.0	0.0	20.0	0.0	0.0	0.0	0.0	0.0	123.0	0.0
Megamonas	0.0	0.0	0.0	0.0	0.0	0.0	0.0	0.0	0.0	0.0	0.0	0.0	0.0	0.0	0.0	0.0	0.0	0.0	0.0	0.0	0.0	0.0	0.0	0.0	0.0	0.0	0.0	0.0	0.0	0.0	0.0	0.0	0.0	0.0	0.0	0.0	152.0	0.0	0.0	0.0	0.0	0.0	0.0	0.0	0.0	0.0	0.0	0.0	0.0	0.0	0.0	0.0	107.0	0.0	0.0	0.0	0.0	0.0
Megasphaera	0.0	0.0	0.0	0.0	0.0	0.0	0.0	0.0	0.0	0.0	0.0	0.0	0.0	0.0	0.0	0.0	0.0	228.0	0.0	921.0	0.0	0.0	0.0	0.0	0.0	0.0	0.0	0.0	0.0	0.0	0.0	0.0	0.0	2696.0	0.0	4021.0	110.0	0.0	0.0	0.0	0.0	76.0	1074.0	0.0	0.0	0.0	0.0	0.0	0.0	0.0	0.0	0.0	0.0	0.0	35.0	0.0	0.0	0.0
Merdibacter	2.0	62.0	0.0	7.0	0.0	8.0	0.0	45.0	0.0	13.0	0.0	0.0	0.0	0.0	0.0	0.0	0.0	0.0	0.0	0.0	8.0	7.0	0.0	0.0	0.0	39.0	0.0	5.0	0.0	50.0	0.0	0.0	0.0	0.0	0.0	0.0	5.0	0.0	0.0	0.0	0.0	0.0	185.0	0.0	0.0	0.0	0.0	0.0	0.0	0.0	0.0	0.0	0.0	0.0	0.0	0.0	0.0	0.0
Methylobacterium-Methylorubrum	0.0	0.0	0.0	0.0	0.0	0.0	0.0	0.0	0.0	0.0	0.0	0.0	0.0	0.0	0.0	0.0	0.0	0.0	0.0	0.0	0.0	0.0	0.0	0.0	0.0	0.0	0.0	0.0	0.0	0.0	0.0	0.0	0.0	0.0	0.0	0.0	0.0	0.0	0.0	0.0	0.0	0.0	0.0	0.0	0.0	0.0	0.0	0.0	0.0	43.0	0.0	0.0	0.0	115.0	0.0	0.0	0.0	0.0
Microbacterium	0.0	0.0	0.0	0.0	0.0	0.0	0.0	0.0	0.0	0.0	0.0	0.0	0.0	0.0	0.0	0.0	0.0	0.0	0.0	0.0	0.0	0.0	0.0	0.0	0.0	0.0	0.0	0.0	0.0	0.0	0.0	0.0	0.0	0.0	0.0	0.0	0.0	0.0	0.0	0.0	0.0	0.0	0.0	0.0	0.0	75.0	0.0	0.0	0.0	0.0	0.0	0.0	0.0	64.0	0.0	0.0	0.0	0.0
Micrococcus	0.0	0.0	0.0	0.0	0.0	0.0	0.0	0.0	0.0	0.0	0.0	0.0	0.0	0.0	0.0	0.0	0.0	0.0	0.0	0.0	0.0	0.0	0.0	0.0	0.0	0.0	0.0	0.0	0.0	0.0	0.0	0.0	0.0	0.0	0.0	0.0	0.0	0.0	35.0	0.0	0.0	0.0	27.0	0.0	0.0	0.0	0.0	12.0	28.0	4.0	0.0	0.0	0.0	0.0	0.0	0.0	0.0	0.0
Microlunatus	0.0	0.0	0.0	0.0	0.0	0.0	0.0	0.0	0.0	0.0	0.0	0.0	0.0	0.0	0.0	0.0	0.0	0.0	0.0	0.0	0.0	0.0	0.0	0.0	0.0	0.0	0.0	0.0	0.0	0.0	0.0	0.0	0.0	0.0	0.0	0.0	0.0	0.0	0.0	0.0	0.0	0.0	0.0	13.0	0.0	0.0	0.0	0.0	0.0	0.0	0.0	0.0	0.0	0.0	0.0	0.0	0.0	0.0
Mitsuokella	0.0	0.0	0.0	0.0	0.0	0.0	0.0	0.0	0.0	0.0	24.0	0.0	0.0	0.0	0.0	380.0	0.0	0.0	0.0	311.0	0.0	0.0	0.0	0.0	0.0	0.0	0.0	0.0	0.0	0.0	0.0	0.0	0.0	0.0	0.0	0.0	0.0	0.0	0.0	0.0	0.0	0.0	0.0	0.0	0.0	0.0	0.0	0.0	0.0	0.0	0.0	0.0	0.0	0.0	0.0	2.0	0.0	0.0
Mobiluncus	0.0	0.0	0.0	0.0	0.0	0.0	0.0	0.0	0.0	0.0	0.0	0.0	0.0	0.0	0.0	0.0	0.0	0.0	0.0	0.0	0.0	0.0	0.0	0.0	0.0	8.0	0.0	0.0	0.0	0.0	0.0	0.0	0.0	0.0	0.0	0.0	0.0	0.0	0.0	0.0	0.0	0.0	0.0	0.0	0.0	0.0	0.0	0.0	0.0	0.0	0.0	0.0	0.0	0.0	0.0	0.0	0.0	0.0
Mogibacterium	0.0	0.0	0.0	0.0	0.0	0.0	0.0	0.0	0.0	0.0	0.0	0.0	0.0	0.0	0.0	0.0	0.0	0.0	0.0	0.0	0.0	0.0	0.0	0.0	0.0	3.0	0.0	0.0	0.0	0.0	0.0	0.0	0.0	0.0	0.0	0.0	0.0	0.0	0.0	0.0	0.0	0.0	0.0	0.0	0.0	0.0	0.0	0.0	0.0	0.0	0.0	0.0	0.0	0.0	0.0	0.0	0.0	0.0
Monoglobus	362.0	240.0	71.0	98.0	84.0	19.0	209.0	339.0	12.0	34.0	45.0	38.0	291.0	39.0	70.0	132.0	201.0	0.0	0.0	58.0	124.0	17.0	35.0	90.0	182.0	0.0	107.0	21.0	27.0	0.0	190.0	51.0	0.0	74.0	0.0	79.0	6.0	9.0	0.0	0.0	634.0	0.0	0.0	0.0	44.0	0.0	0.0	0.0	0.0	0.0	151.0	35.0	0.0	0.0	90.0	0.0	0.0	0.0
Moraxella	0.0	0.0	0.0	0.0	0.0	0.0	0.0	0.0	0.0	0.0	0.0	0.0	0.0	0.0	0.0	0.0	0.0	0.0	0.0	0.0	0.0	0.0	0.0	0.0	0.0	0.0	0.0	0.0	0.0	0.0	0.0	0.0	0.0	0.0	0.0	0.0	0.0	0.0	0.0	0.0	0.0	0.0	66.0	0.0	0.0	0.0	5.0	0.0	89.0	156.0	30.0	0.0	0.0	0.0	0.0	0.0	0.0	0.0
Morganella	0.0	0.0	0.0	0.0	0.0	0.0	0.0	0.0	0.0	0.0	0.0	0.0	0.0	0.0	0.0	0.0	0.0	0.0	0.0	0.0	0.0	0.0	0.0	0.0	0.0	0.0	313.0	0.0	0.0	0.0	0.0	0.0	0.0	0.0	0.0	0.0	153.0	0.0	59.0	0.0	0.0	104.0	0.0	0.0	0.0	0.0	0.0	0.0	2.0	0.0	0.0	0.0	0.0	0.0	0.0	0.0	0.0	0.0
Moryella	0.0	0.0	8.0	0.0	0.0	0.0	8.0	0.0	0.0	7.0	0.0	0.0	13.0	0.0	7.0	0.0	24.0	0.0	0.0	0.0	8.0	0.0	0.0	0.0	18.0	0.0	0.0	0.0	0.0	0.0	0.0	0.0	0.0	0.0	0.0	0.0	5.0	0.0	0.0	0.0	0.0	0.0	0.0	0.0	0.0	0.0	241.0	0.0	0.0	0.0	29.0	0.0	0.0	0.0	6.0	0.0	0.0	0.0
Mucispirillum	0.0	0.0	0.0	0.0	0.0	0.0	0.0	0.0	0.0	0.0	0.0	0.0	0.0	0.0	0.0	0.0	0.0	0.0	0.0	0.0	0.0	0.0	0.0	0.0	0.0	0.0	0.0	0.0	0.0	0.0	0.0	0.0	0.0	0.0	0.0	0.0	0.0	0.0	0.0	0.0	15.0	39.0	270.0	34.0	37.0	0.0	0.0	10.0	0.0	0.0	0.0	21.0	0.0	86.0	13.0	0.0	0.0	0.0
Murdochiella	0.0	0.0	0.0	6.0	0.0	0.0	0.0	0.0	0.0	0.0	0.0	0.0	0.0	0.0	0.0	0.0	0.0	0.0	0.0	0.0	0.0	0.0	0.0	0.0	0.0	0.0	0.0	0.0	0.0	0.0	0.0	0.0	0.0	0.0	0.0	0.0	0.0	0.0	0.0	0.0	0.0	0.0	0.0	0.0	0.0	0.0	0.0	0.0	0.0	0.0	0.0	0.0	0.0	0.0	0.0	0.0	0.0	0.0
Muribaculaceae	0.0	0.0	0.0	0.0	0.0	0.0	0.0	0.0	0.0	0.0	188.0	0.0	252.0	0.0	1461.0	202.0	0.0	0.0	0.0	290.0	0.0	296.0	95.0	0.0	0.0	47.0	0.0	0.0	0.0	0.0	189.0	0.0	0.0	0.0	0.0	0.0	0.0	130.0	47.0	37.0	35.0	54.0	622.0	307.0	98.0	0.0	20.0	47.0	115.0	596.0	60.0	485.0	300.0	408.0	301.0	0.0	29.0	0.0
Muribaculum	0.0	0.0	0.0	0.0	0.0	0.0	0.0	0.0	0.0	0.0	0.0	0.0	0.0	0.0	0.0	0.0	0.0	0.0	0.0	0.0	0.0	0.0	0.0	0.0	0.0	0.0	0.0	0.0	0.0	0.0	0.0	0.0	0.0	0.0	0.0	0.0	0.0	0.0	0.0	0.0	0.0	0.0	0.0	5.0	4.0	0.0	0.0	0.0	0.0	5.0	0.0	0.0	32.0	22.0	3.0	0.0	0.0	0.0
Mycobacterium	0.0	0.0	0.0	0.0	0.0	0.0	0.0	0.0	0.0	0.0	0.0	0.0	0.0	0.0	0.0	0.0	0.0	0.0	0.0	0.0	0.0	0.0	0.0	0.0	0.0	0.0	0.0	0.0	0.0	0.0	0.0	0.0	0.0	0.0	0.0	0.0	0.0	0.0	0.0	0.0	0.0	0.0	0.0	0.0	0.0	0.0	0.0	0.0	0.0	0.0	28.0	0.0	0.0	0.0	0.0	0.0	0.0	0.0
Myroides	0.0	0.0	0.0	0.0	0.0	0.0	0.0	0.0	0.0	0.0	0.0	0.0	0.0	0.0	0.0	0.0	0.0	0.0	0.0	0.0	0.0	0.0	0.0	0.0	0.0	0.0	0.0	0.0	0.0	0.0	0.0	0.0	0.0	0.0	0.0	0.0	0.0	0.0	4.0	0.0	0.0	0.0	0.0	0.0	0.0	0.0	0.0	13.0	0.0	0.0	0.0	0.0	0.0	0.0	0.0	0.0	0.0	0.0
NK4A214_group	87.0	313.0	0.0	33.0	0.0	30.0	54.0	1742.0	0.0	161.0	204.0	240.0	171.0	464.0	167.0	683.0	82.0	36.0	0.0	31.0	428.0	430.0	40.0	286.0	105.0	269.0	33.0	30.0	84.0	1074.0	286.0	0.0	0.0	0.0	0.0	0.0	54.0	107.0	0.0	0.0	0.0	0.0	27.0	222.0	77.0	38.0	2.0	43.0	0.0	0.0	16.0	267.0	0.0	326.0	126.0	58.0	20.0	0.0
Negativibacillus	37.0	42.0	0.0	0.0	0.0	40.0	0.0	42.0	565.0	0.0	8.0	25.0	223.0	0.0	14.0	7.0	0.0	2.0	0.0	91.0	38.0	7.0	0.0	245.0	139.0	72.0	370.0	5.0	102.0	51.0	378.0	327.0	0.0	9.0	0.0	36.0	18.0	250.0	0.0	0.0	23.0	0.0	0.0	107.0	0.0	0.0	8.0	0.0	0.0	50.0	0.0	0.0	0.0	114.0	69.0	67.0	0.0	0.0
Neisseria	0.0	0.0	0.0	0.0	0.0	0.0	0.0	0.0	0.0	0.0	0.0	0.0	0.0	0.0	0.0	0.0	0.0	0.0	0.0	0.0	0.0	0.0	0.0	0.0	0.0	0.0	0.0	0.0	0.0	0.0	0.0	0.0	0.0	0.0	0.0	0.0	0.0	0.0	0.0	0.0	0.0	0.0	0.0	0.0	0.0	0.0	0.0	6.0	0.0	0.0	0.0	0.0	0.0	0.0	0.0	0.0	0.0	0.0
Nocardioides	0.0	0.0	0.0	0.0	0.0	0.0	0.0	0.0	0.0	0.0	0.0	0.0	0.0	0.0	0.0	0.0	0.0	0.0	0.0	0.0	0.0	0.0	0.0	0.0	0.0	0.0	0.0	0.0	0.0	0.0	0.0	0.0	0.0	0.0	0.0	0.0	0.0	0.0	0.0	0.0	0.0	0.0	0.0	34.0	0.0	79.0	0.0	0.0	0.0	0.0	0.0	0.0	15.0	0.0	0.0	0.0	0.0	0.0
Nosocomiicoccus	0.0	0.0	0.0	0.0	0.0	0.0	0.0	0.0	0.0	0.0	0.0	0.0	0.0	0.0	0.0	0.0	0.0	0.0	0.0	0.0	0.0	0.0	0.0	0.0	0.0	0.0	0.0	0.0	0.0	0.0	0.0	0.0	0.0	0.0	0.0	0.0	0.0	0.0	0.0	42.0	0.0	39.0	83.0	0.0	23.0	0.0	31.0	22.0	123.0	0.0	0.0	7.0	0.0	149.0	0.0	11.0	0.0	0.0
Odoribacter	0.0	147.0	66.0	29.0	84.0	79.0	42.0	89.0	53.0	87.0	0.0	0.0	93.0	50.0	83.0	0.0	45.0	45.0	0.0	0.0	20.0	32.0	0.0	36.0	95.0	14.0	29.0	0.0	13.0	96.0	70.0	80.0	0.0	0.0	0.0	13.0	75.0	83.0	115.0	0.0	310.0	33.0	167.0	109.0	43.0	21.0	0.0	0.0	0.0	242.0	158.0	48.0	31.0	119.0	45.0	100.0	0.0	0.0
Oligella	0.0	0.0	0.0	0.0	0.0	0.0	0.0	0.0	0.0	0.0	0.0	0.0	0.0	0.0	0.0	0.0	0.0	0.0	0.0	0.0	0.0	0.0	0.0	0.0	0.0	0.0	0.0	0.0	0.0	0.0	0.0	0.0	0.0	0.0	0.0	0.0	0.0	0.0	0.0	0.0	0.0	0.0	0.0	0.0	0.0	0.0	0.0	0.0	0.0	0.0	17.0	0.0	0.0	0.0	0.0	0.0	0.0	0.0
Olsenella	0.0	0.0	0.0	0.0	0.0	0.0	0.0	0.0	0.0	0.0	40.0	28.0	0.0	0.0	0.0	0.0	0.0	0.0	0.0	4.0	0.0	0.0	25.0	0.0	0.0	0.0	0.0	0.0	0.0	0.0	0.0	0.0	0.0	0.0	0.0	0.0	0.0	12.0	0.0	0.0	0.0	0.0	0.0	0.0	0.0	0.0	0.0	0.0	7.0	0.0	0.0	0.0	0.0	0.0	0.0	0.0	0.0	0.0
Oribacterium	0.0	12.0	0.0	0.0	0.0	0.0	0.0	0.0	0.0	0.0	0.0	354.0	0.0	0.0	0.0	0.0	0.0	0.0	0.0	0.0	0.0	0.0	0.0	0.0	0.0	0.0	0.0	0.0	0.0	0.0	0.0	0.0	0.0	0.0	0.0	0.0	0.0	0.0	0.0	0.0	0.0	0.0	0.0	0.0	0.0	0.0	0.0	0.0	0.0	0.0	0.0	0.0	0.0	0.0	0.0	0.0	0.0	0.0
Ornithinibacter	0.0	0.0	0.0	0.0	0.0	0.0	0.0	0.0	0.0	0.0	0.0	0.0	0.0	0.0	0.0	0.0	0.0	0.0	0.0	0.0	0.0	0.0	0.0	0.0	0.0	0.0	0.0	0.0	0.0	0.0	0.0	0.0	0.0	0.0	0.0	0.0	0.0	0.0	0.0	0.0	0.0	0.0	0.0	0.0	0.0	0.0	0.0	0.0	0.0	0.0	0.0	0.0	0.0	6.0	0.0	0.0	0.0	0.0
Oscillibacter	28.0	69.0	27.0	145.0	54.0	1006.0	38.0	38.0	95.0	88.0	0.0	113.0	84.0	6.0	0.0	0.0	56.0	88.0	0.0	57.0	79.0	32.0	0.0	155.0	158.0	51.0	40.0	12.0	154.0	121.0	112.0	148.0	0.0	0.0	0.0	30.0	7.0	242.0	188.0	0.0	201.0	251.0	482.0	0.0	111.0	24.0	354.0	267.0	0.0	44.0	136.0	22.0	0.0	132.0	21.0	63.0	0.0	0.0
Oscillospira	0.0	23.0	0.0	0.0	0.0	17.0	0.0	0.0	0.0	0.0	0.0	10.0	13.0	0.0	38.0	52.0	0.0	0.0	0.0	9.0	0.0	0.0	0.0	0.0	0.0	0.0	17.0	0.0	26.0	0.0	4.0	41.0	0.0	0.0	0.0	0.0	12.0	0.0	0.0	0.0	0.0	0.0	0.0	53.0	0.0	0.0	0.0	31.0	0.0	0.0	71.0	17.0	0.0	0.0	0.0	0.0	0.0	0.0
Oscillospiraceae	0.0	0.0	0.0	0.0	0.0	0.0	0.0	0.0	0.0	0.0	0.0	0.0	0.0	0.0	0.0	0.0	0.0	0.0	0.0	0.0	0.0	0.0	0.0	0.0	0.0	0.0	0.0	0.0	0.0	0.0	0.0	0.0	0.0	0.0	0.0	0.0	0.0	0.0	0.0	0.0	0.0	0.0	0.0	0.0	0.0	0.0	0.0	0.0	0.0	0.0	0.0	7.0	0.0	0.0	0.0	0.0	0.0	0.0
Oxalobacter	0.0	0.0	0.0	0.0	3.0	56.0	0.0	40.0	0.0	49.0	0.0	4.0	0.0	34.0	26.0	39.0	0.0	0.0	0.0	3.0	0.0	31.0	0.0	0.0	0.0	17.0	0.0	0.0	0.0	12.0	0.0	0.0	0.0	0.0	0.0	0.0	56.0	0.0	0.0	0.0	0.0	0.0	0.0	0.0	0.0	0.0	0.0	0.0	0.0	0.0	0.0	0.0	0.0	0.0	9.0	0.0	0.0	0.0
Paenibacillus	0.0	0.0	0.0	0.0	0.0	0.0	0.0	0.0	0.0	0.0	0.0	0.0	0.0	0.0	0.0	0.0	0.0	0.0	0.0	0.0	0.0	0.0	0.0	0.0	0.0	0.0	0.0	0.0	0.0	0.0	0.0	0.0	0.0	0.0	0.0	0.0	0.0	0.0	0.0	0.0	0.0	0.0	0.0	0.0	0.0	34.0	0.0	0.0	0.0	0.0	0.0	0.0	0.0	0.0	0.0	0.0	0.0	0.0
Paludicola	0.0	0.0	0.0	17.0	0.0	0.0	0.0	0.0	2.0	0.0	0.0	0.0	5.0	0.0	0.0	0.0	0.0	4.0	0.0	0.0	8.0	0.0	0.0	6.0	33.0	6.0	0.0	0.0	6.0	12.0	0.0	0.0	0.0	0.0	0.0	0.0	0.0	0.0	0.0	0.0	0.0	0.0	0.0	0.0	0.0	0.0	0.0	35.0	0.0	0.0	0.0	0.0	0.0	0.0	0.0	0.0	0.0	0.0
Parabacteroides	395.0	864.0	449.0	0.0	624.0	2106.0	1507.0	1439.0	582.0	1415.0	477.0	381.0	1218.0	482.0	353.0	231.0	2051.0	1434.0	0.0	143.0	386.0	621.0	342.0	361.0	1282.0	171.0	36.0	133.0	453.0	486.0	606.0	2016.0	0.0	672.0	0.0	552.0	3284.0	699.0	4809.0	0.0	588.0	5698.0	1429.0	277.0	1750.0	519.0	680.0	1041.0	3486.0	1751.0	523.0	106.0	1363.0	1501.0	478.0	1175.0	50.0	0.0
Paracoccus	0.0	0.0	0.0	0.0	0.0	0.0	0.0	0.0	0.0	0.0	0.0	0.0	0.0	0.0	0.0	0.0	0.0	0.0	0.0	0.0	0.0	0.0	0.0	0.0	0.0	0.0	0.0	0.0	0.0	0.0	0.0	0.0	0.0	0.0	0.0	0.0	0.0	6.0	52.0	0.0	0.0	0.0	88.0	49.0	133.0	0.0	72.0	58.0	249.0	730.0	37.0	34.0	371.0	429.0	12.0	5.0	0.0	0.0
Paraeggerthella	0.0	0.0	0.0	0.0	0.0	0.0	0.0	0.0	0.0	0.0	0.0	0.0	0.0	0.0	0.0	0.0	0.0	0.0	0.0	0.0	0.0	0.0	0.0	0.0	0.0	0.0	0.0	0.0	0.0	0.0	0.0	0.0	0.0	0.0	0.0	0.0	0.0	0.0	0.0	0.0	7.0	0.0	0.0	0.0	0.0	0.0	0.0	0.0	0.0	0.0	0.0	0.0	0.0	0.0	0.0	0.0	0.0	0.0
Paraprevotella	0.0	0.0	0.0	0.0	0.0	0.0	0.0	0.0	0.0	179.0	0.0	0.0	267.0	0.0	307.0	0.0	0.0	0.0	0.0	91.0	0.0	86.0	0.0	0.0	0.0	0.0	0.0	0.0	0.0	0.0	86.0	383.0	0.0	0.0	0.0	0.0	0.0	128.0	308.0	0.0	0.0	0.0	744.0	0.0	0.0	0.0	0.0	81.0	0.0	0.0	0.0	17.0	0.0	0.0	142.0	0.0	0.0	0.0
Parasutterella	0.0	5.0	24.0	0.0	23.0	0.0	69.0	0.0	0.0	0.0	0.0	0.0	20.0	0.0	0.0	0.0	57.0	23.0	0.0	0.0	0.0	34.0	0.0	0.0	190.0	47.0	0.0	0.0	1605.0	0.0	3.0	0.0	0.0	23.0	0.0	50.0	49.0	52.0	0.0	0.0	0.0	270.0	103.0	63.0	95.0	4.0	0.0	0.0	0.0	0.0	32.0	16.0	0.0	0.0	0.0	11.0	28.0	0.0
Parvimonas	0.0	0.0	0.0	0.0	0.0	0.0	0.0	0.0	0.0	0.0	0.0	0.0	0.0	0.0	0.0	0.0	0.0	0.0	0.0	0.0	0.0	0.0	0.0	0.0	0.0	0.0	0.0	6.0	0.0	0.0	0.0	0.0	0.0	0.0	0.0	0.0	0.0	0.0	0.0	0.0	0.0	0.0	0.0	0.0	0.0	0.0	0.0	0.0	0.0	0.0	0.0	0.0	0.0	0.0	0.0	0.0	0.0	0.0
Pediococcus	0.0	0.0	0.0	0.0	0.0	79.0	0.0	0.0	0.0	0.0	0.0	0.0	0.0	0.0	0.0	0.0	0.0	4.0	0.0	0.0	0.0	0.0	5.0	0.0	0.0	0.0	0.0	0.0	0.0	107.0	0.0	0.0	0.0	14.0	0.0	133.0	7.0	0.0	6.0	0.0	0.0	9.0	0.0	0.0	0.0	0.0	7.0	0.0	36.0	0.0	0.0	0.0	0.0	0.0	0.0	0.0	0.0	0.0
Pedobacter	0.0	0.0	0.0	0.0	0.0	0.0	0.0	0.0	0.0	0.0	0.0	0.0	0.0	0.0	0.0	0.0	0.0	0.0	0.0	0.0	0.0	0.0	0.0	0.0	0.0	0.0	0.0	0.0	0.0	0.0	0.0	0.0	0.0	0.0	0.0	0.0	0.0	0.0	0.0	0.0	0.0	0.0	0.0	120.0	0.0	0.0	0.0	0.0	0.0	0.0	0.0	0.0	0.0	0.0	0.0	0.0	0.0	0.0
Pelomonas	0.0	0.0	0.0	0.0	0.0	0.0	0.0	0.0	0.0	0.0	0.0	0.0	0.0	0.0	0.0	0.0	0.0	0.0	0.0	0.0	0.0	0.0	0.0	0.0	0.0	0.0	0.0	0.0	0.0	0.0	0.0	0.0	0.0	0.0	0.0	0.0	0.0	0.0	0.0	0.0	0.0	0.0	0.0	0.0	0.0	0.0	0.0	0.0	0.0	0.0	0.0	10.0	0.0	0.0	0.0	0.0	0.0	0.0
Peptococcus	0.0	0.0	0.0	0.0	0.0	19.0	0.0	0.0	0.0	30.0	0.0	30.0	0.0	0.0	0.0	0.0	0.0	0.0	0.0	0.0	9.0	0.0	0.0	0.0	0.0	0.0	9.0	0.0	0.0	0.0	0.0	0.0	0.0	7.0	0.0	15.0	0.0	0.0	0.0	0.0	0.0	0.0	0.0	0.0	0.0	0.0	0.0	0.0	0.0	0.0	0.0	0.0	0.0	0.0	0.0	14.0	0.0	0.0
Peptoniphilus	0.0	0.0	0.0	0.0	0.0	0.0	0.0	0.0	0.0	0.0	0.0	0.0	0.0	0.0	0.0	0.0	0.0	0.0	0.0	0.0	0.0	0.0	0.0	0.0	0.0	30.0	0.0	0.0	0.0	0.0	0.0	0.0	0.0	0.0	0.0	0.0	0.0	0.0	0.0	0.0	68.0	0.0	90.0	0.0	0.0	0.0	11.0	0.0	0.0	0.0	0.0	0.0	0.0	133.0	0.0	0.0	0.0	0.0
Phascolarctobacterium	0.0	0.0	82.0	0.0	313.0	0.0	0.0	0.0	2122.0	327.0	61.0	494.0	0.0	142.0	732.0	618.0	0.0	123.0	0.0	0.0	0.0	0.0	15.0	0.0	0.0	384.0	0.0	0.0	0.0	0.0	0.0	0.0	0.0	1747.0	0.0	1378.0	393.0	0.0	0.0	0.0	0.0	0.0	329.0	1199.0	439.0	269.0	0.0	0.0	0.0	0.0	924.0	31.0	87.0	178.0	604.0	799.0	56.0	0.0
Phocea	0.0	0.0	0.0	0.0	0.0	4.0	0.0	0.0	0.0	0.0	3.0	3.0	0.0	0.0	0.0	0.0	16.0	0.0	0.0	0.0	0.0	0.0	0.0	0.0	0.0	0.0	6.0	4.0	11.0	0.0	0.0	0.0	0.0	0.0	0.0	0.0	0.0	0.0	0.0	0.0	0.0	8.0	0.0	0.0	0.0	0.0	0.0	4.0	0.0	0.0	0.0	0.0	0.0	0.0	0.0	0.0	0.0	0.0
Phoenicibacter	0.0	0.0	0.0	0.0	0.0	0.0	0.0	0.0	0.0	0.0	0.0	52.0	0.0	0.0	0.0	0.0	0.0	0.0	0.0	0.0	0.0	0.0	0.0	0.0	0.0	0.0	0.0	0.0	0.0	0.0	0.0	0.0	0.0	0.0	0.0	0.0	0.0	0.0	0.0	0.0	0.0	0.0	0.0	0.0	0.0	0.0	0.0	0.0	0.0	0.0	0.0	0.0	0.0	0.0	0.0	0.0	0.0	0.0
Photobacterium	0.0	0.0	0.0	0.0	0.0	0.0	0.0	0.0	0.0	0.0	0.0	0.0	0.0	0.0	0.0	0.0	0.0	0.0	0.0	0.0	0.0	0.0	0.0	0.0	0.0	0.0	0.0	0.0	0.0	0.0	0.0	0.0	0.0	0.0	0.0	0.0	0.0	0.0	0.0	0.0	0.0	0.0	0.0	0.0	0.0	0.0	0.0	0.0	0.0	0.0	0.0	0.0	0.0	122.0	0.0	0.0	0.0	0.0
Phyllobacterium	0.0	0.0	0.0	0.0	0.0	0.0	0.0	0.0	0.0	0.0	0.0	0.0	0.0	0.0	0.0	0.0	0.0	0.0	0.0	0.0	0.0	0.0	0.0	0.0	0.0	0.0	0.0	0.0	0.0	0.0	0.0	0.0	0.0	0.0	0.0	0.0	0.0	0.0	14.0	0.0	0.0	0.0	0.0	0.0	0.0	0.0	4.0	0.0	0.0	0.0	0.0	0.0	0.0	0.0	0.0	0.0	0.0	0.0
Polaromonas	0.0	0.0	0.0	0.0	0.0	0.0	0.0	0.0	0.0	0.0	0.0	0.0	0.0	0.0	0.0	0.0	0.0	0.0	0.0	0.0	0.0	0.0	0.0	0.0	0.0	0.0	0.0	0.0	0.0	0.0	0.0	0.0	0.0	0.0	0.0	0.0	0.0	0.0	0.0	0.0	0.0	0.0	0.0	33.0	0.0	0.0	0.0	0.0	0.0	0.0	0.0	0.0	0.0	0.0	0.0	0.0	0.0	0.0
Porphyromonas	0.0	0.0	0.0	0.0	0.0	0.0	0.0	0.0	0.0	0.0	0.0	0.0	0.0	0.0	0.0	0.0	0.0	0.0	0.0	0.0	0.0	0.0	0.0	0.0	0.0	47.0	0.0	0.0	0.0	0.0	0.0	0.0	0.0	0.0	0.0	0.0	0.0	0.0	0.0	0.0	0.0	0.0	0.0	0.0	0.0	0.0	0.0	0.0	0.0	11.0	0.0	0.0	0.0	0.0	0.0	0.0	0.0	0.0
Prevotella	0.0	0.0	0.0	10.0	0.0	0.0	0.0	0.0	0.0	2150.0	2725.0	1220.0	0.0	0.0	6.0	4729.0	0.0	0.0	0.0	60.0	7.0	43.0	2802.0	104.0	0.0	127.0	0.0	0.0	0.0	0.0	0.0	0.0	0.0	207.0	0.0	243.0	0.0	31.0	0.0	123.0	0.0	6.0	68.0	11.0	0.0	0.0	4.0	4.0	0.0	0.0	0.0	4465.0	0.0	0.0	3982.0	76.0	0.0	0.0
Prevotellaceae_NK3B31_group	0.0	0.0	0.0	0.0	0.0	0.0	0.0	0.0	0.0	0.0	0.0	0.0	0.0	0.0	0.0	0.0	0.0	0.0	0.0	0.0	0.0	62.0	0.0	1183.0	0.0	0.0	0.0	0.0	1639.0	0.0	0.0	0.0	0.0	0.0	0.0	0.0	0.0	718.0	0.0	0.0	0.0	0.0	17.0	123.0	0.0	0.0	0.0	2906.0	0.0	0.0	0.0	0.0	63.0	0.0	11.0	0.0	0.0	0.0
Prevotellaceae_UCG-001	0.0	0.0	0.0	0.0	0.0	0.0	0.0	0.0	0.0	0.0	0.0	0.0	0.0	0.0	0.0	15.0	0.0	0.0	0.0	0.0	0.0	0.0	0.0	0.0	0.0	0.0	0.0	0.0	0.0	0.0	0.0	0.0	0.0	0.0	0.0	0.0	0.0	0.0	0.0	0.0	0.0	0.0	47.0	0.0	11.0	0.0	0.0	0.0	0.0	27.0	0.0	0.0	45.0	56.0	0.0	13.0	0.0	0.0
Prevotellaceae_UCG-003	0.0	0.0	0.0	0.0	0.0	0.0	0.0	0.0	0.0	0.0	0.0	0.0	0.0	0.0	0.0	16.0	0.0	0.0	0.0	0.0	0.0	0.0	0.0	0.0	0.0	0.0	0.0	0.0	0.0	0.0	0.0	0.0	0.0	0.0	0.0	0.0	0.0	0.0	0.0	0.0	0.0	0.0	0.0	0.0	0.0	0.0	0.0	0.0	0.0	0.0	0.0	0.0	0.0	0.0	0.0	0.0	0.0	0.0
Propionibacterium	4.0	0.0	0.0	0.0	0.0	0.0	4.0	0.0	0.0	0.0	0.0	0.0	0.0	0.0	0.0	0.0	2.0	0.0	0.0	0.0	0.0	0.0	0.0	0.0	0.0	0.0	0.0	0.0	5.0	0.0	0.0	0.0	0.0	0.0	0.0	0.0	0.0	0.0	0.0	0.0	0.0	0.0	0.0	0.0	0.0	0.0	0.0	0.0	0.0	0.0	0.0	0.0	0.0	0.0	0.0	0.0	0.0	0.0
Proteus	0.0	0.0	0.0	0.0	0.0	0.0	0.0	0.0	0.0	0.0	0.0	0.0	0.0	0.0	0.0	0.0	0.0	407.0	0.0	0.0	0.0	0.0	0.0	0.0	0.0	0.0	58.0	0.0	0.0	0.0	0.0	0.0	0.0	0.0	0.0	0.0	0.0	0.0	0.0	0.0	0.0	17.0	59.0	0.0	687.0	45.0	0.0	0.0	198.0	0.0	0.0	0.0	0.0	0.0	0.0	0.0	0.0	0.0
Providencia	0.0	0.0	0.0	0.0	0.0	0.0	0.0	0.0	0.0	0.0	0.0	0.0	0.0	0.0	0.0	0.0	0.0	32.0	0.0	0.0	0.0	0.0	0.0	0.0	0.0	0.0	0.0	0.0	0.0	0.0	0.0	0.0	0.0	0.0	0.0	0.0	0.0	0.0	0.0	0.0	0.0	0.0	0.0	0.0	0.0	0.0	0.0	0.0	0.0	0.0	0.0	0.0	0.0	0.0	0.0	0.0	0.0	0.0
Pseudochrobactrum	0.0	0.0	0.0	0.0	0.0	0.0	0.0	0.0	0.0	0.0	0.0	0.0	0.0	0.0	0.0	0.0	0.0	0.0	0.0	0.0	0.0	0.0	0.0	0.0	0.0	0.0	0.0	0.0	0.0	0.0	0.0	0.0	0.0	0.0	0.0	0.0	0.0	0.0	0.0	0.0	0.0	0.0	0.0	0.0	0.0	4.0	0.0	6.0	0.0	0.0	0.0	0.0	0.0	0.0	20.0	0.0	0.0	0.0
Pseudoflavonifractor	0.0	0.0	0.0	73.0	0.0	9.0	0.0	0.0	0.0	0.0	0.0	17.0	0.0	0.0	0.0	0.0	0.0	0.0	0.0	0.0	0.0	18.0	0.0	0.0	6.0	0.0	0.0	0.0	0.0	28.0	0.0	0.0	0.0	9.0	0.0	13.0	0.0	0.0	88.0	106.0	0.0	31.0	0.0	0.0	0.0	0.0	0.0	0.0	0.0	0.0	0.0	0.0	0.0	0.0	0.0	0.0	0.0	0.0
Pseudomonas	0.0	0.0	0.0	0.0	0.0	0.0	425.0	0.0	0.0	0.0	0.0	0.0	0.0	20.0	47.0	0.0	1939.0	559.0	0.0	0.0	0.0	0.0	0.0	0.0	0.0	2298.0	0.0	0.0	0.0	7.0	0.0	0.0	0.0	0.0	0.0	0.0	0.0	36.0	118.0	63.0	58.0	45.0	190.0	168.0	34.0	302.0	48.0	33.0	246.0	1956.0	31.0	9.0	38.0	79.0	3.0	6.0	111.0	0.0
Pseudoxanthomonas	0.0	0.0	0.0	0.0	0.0	0.0	0.0	0.0	0.0	0.0	0.0	0.0	0.0	0.0	0.0	0.0	0.0	0.0	0.0	0.0	0.0	0.0	0.0	0.0	0.0	0.0	0.0	0.0	0.0	0.0	0.0	0.0	0.0	0.0	0.0	0.0	0.0	0.0	0.0	0.0	0.0	0.0	0.0	0.0	0.0	0.0	0.0	0.0	0.0	25.0	0.0	0.0	0.0	0.0	0.0	0.0	0.0	0.0
Psychrobacter	0.0	0.0	0.0	0.0	0.0	0.0	0.0	0.0	0.0	0.0	0.0	0.0	0.0	0.0	0.0	0.0	0.0	0.0	0.0	0.0	0.0	0.0	0.0	0.0	0.0	0.0	0.0	0.0	0.0	0.0	0.0	0.0	0.0	0.0	0.0	0.0	0.0	0.0	0.0	0.0	0.0	0.0	0.0	0.0	63.0	0.0	0.0	0.0	0.0	0.0	0.0	0.0	0.0	0.0	395.0	0.0	0.0	0.0
Psychromonas	0.0	0.0	0.0	0.0	0.0	0.0	0.0	0.0	0.0	0.0	0.0	0.0	0.0	0.0	0.0	0.0	0.0	0.0	0.0	0.0	0.0	0.0	0.0	0.0	0.0	0.0	0.0	0.0	0.0	0.0	0.0	0.0	0.0	0.0	0.0	0.0	0.0	0.0	70.0	0.0	0.0	0.0	0.0	67.0	0.0	0.0	0.0	0.0	0.0	57.0	0.0	0.0	0.0	0.0	34.0	0.0	0.0	0.0
Pygmaiobacter	0.0	0.0	0.0	0.0	0.0	0.0	0.0	0.0	0.0	0.0	0.0	0.0	0.0	0.0	0.0	0.0	0.0	0.0	0.0	0.0	0.0	0.0	0.0	0.0	0.0	0.0	0.0	0.0	0.0	0.0	0.0	0.0	0.0	0.0	0.0	0.0	0.0	0.0	0.0	0.0	0.0	0.0	0.0	0.0	0.0	0.0	286.0	0.0	0.0	0.0	0.0	0.0	0.0	0.0	0.0	0.0	0.0	0.0
RF39	0.0	6213.0	0.0	0.0	0.0	0.0	292.0	573.0	0.0	0.0	1888.0	0.0	425.0	0.0	104.0	1761.0	546.0	0.0	0.0	1346.0	10986.0	1208.0	1592.0	64.0	319.0	0.0	0.0	11.0	0.0	0.0	376.0	0.0	0.0	11.0	0.0	8.0	0.0	0.0	0.0	0.0	0.0	0.0	0.0	7645.0	7.0	9.0	0.0	7.0	26.0	0.0	0.0	715.0	163.0	0.0	22.0	0.0	15.0	0.0
Ralstonia	0.0	0.0	0.0	0.0	0.0	0.0	0.0	0.0	0.0	0.0	0.0	0.0	0.0	0.0	0.0	0.0	0.0	0.0	0.0	0.0	0.0	0.0	0.0	0.0	0.0	0.0	0.0	0.0	0.0	0.0	0.0	0.0	0.0	0.0	0.0	0.0	0.0	123.0	174.0	575.0	249.0	282.0	273.0	231.0	129.0	65.0	47.0	81.0	239.0	194.0	191.0	0.0	426.0	846.0	55.0	16.0	181.0	0.0
Rheinheimera	0.0	0.0	0.0	0.0	0.0	0.0	0.0	0.0	0.0	0.0	0.0	0.0	0.0	0.0	0.0	0.0	0.0	0.0	0.0	0.0	0.0	0.0	0.0	0.0	0.0	0.0	0.0	0.0	0.0	0.0	0.0	0.0	0.0	0.0	0.0	0.0	0.0	0.0	0.0	0.0	0.0	0.0	0.0	0.0	0.0	0.0	0.0	0.0	0.0	0.0	24.0	0.0	0.0	0.0	0.0	0.0	0.0	0.0
Rhodococcus	0.0	0.0	0.0	0.0	0.0	0.0	0.0	0.0	0.0	0.0	0.0	0.0	0.0	0.0	0.0	0.0	0.0	0.0	0.0	0.0	0.0	0.0	0.0	0.0	0.0	0.0	0.0	0.0	0.0	0.0	0.0	0.0	0.0	0.0	0.0	0.0	0.0	0.0	0.0	112.0	0.0	0.0	0.0	0.0	0.0	0.0	0.0	0.0	0.0	0.0	0.0	0.0	0.0	0.0	0.0	0.0	0.0	0.0
Rhodoferax	0.0	0.0	0.0	0.0	0.0	0.0	0.0	0.0	0.0	0.0	0.0	0.0	0.0	0.0	0.0	0.0	0.0	0.0	0.0	0.0	0.0	0.0	0.0	0.0	0.0	4.0	0.0	0.0	0.0	0.0	0.0	0.0	0.0	0.0	0.0	0.0	0.0	0.0	0.0	0.0	0.0	0.0	0.0	0.0	0.0	0.0	0.0	0.0	0.0	0.0	0.0	0.0	0.0	0.0	0.0	0.0	0.0	0.0
Rikenella	0.0	0.0	0.0	0.0	0.0	0.0	0.0	0.0	0.0	0.0	0.0	0.0	0.0	0.0	0.0	0.0	0.0	0.0	0.0	0.0	0.0	0.0	0.0	0.0	7.0	0.0	0.0	0.0	0.0	0.0	0.0	0.0	0.0	0.0	0.0	0.0	0.0	0.0	0.0	0.0	0.0	0.0	0.0	0.0	0.0	0.0	0.0	0.0	0.0	0.0	0.0	0.0	0.0	0.0	0.0	0.0	0.0	0.0
Rikenellaceae_RC9_gut_group	0.0	0.0	0.0	0.0	0.0	0.0	0.0	0.0	0.0	0.0	505.0	157.0	0.0	0.0	0.0	175.0	0.0	0.0	0.0	0.0	0.0	0.0	352.0	0.0	0.0	0.0	0.0	0.0	0.0	0.0	0.0	0.0	0.0	0.0	0.0	0.0	0.0	0.0	0.0	0.0	0.0	0.0	8.0	84.0	0.0	0.0	0.0	0.0	0.0	0.0	0.0	48.0	27.0	0.0	7.0	3.0	0.0	0.0
Romboutsia	0.0	89.0	56.0	0.0	54.0	22.0	0.0	131.0	0.0	0.0	596.0	102.0	25.0	184.0	0.0	183.0	22.0	0.0	0.0	120.0	688.0	36.0	448.0	140.0	18.0	0.0	0.0	19.0	0.0	20.0	18.0	37.0	0.0	680.0	0.0	408.0	0.0	0.0	0.0	0.0	0.0	57.0	17.0	0.0	21.0	10.0	9.0	0.0	0.0	0.0	0.0	54.0	51.0	0.0	0.0	0.0	0.0	0.0
Roseburia	128.0	226.0	1022.0	81.0	1440.0	74.0	59.0	268.0	1174.0	79.0	23.0	55.0	75.0	74.0	255.0	120.0	26.0	0.0	0.0	443.0	79.0	0.0	19.0	42.0	418.0	286.0	25.0	39.0	150.0	0.0	61.0	14.0	0.0	0.0	0.0	0.0	0.0	38.0	0.0	0.0	1946.0	0.0	13.0	149.0	81.0	21.0	238.0	8.0	252.0	356.0	676.0	14.0	616.0	0.0	302.0	64.0	56.0	0.0
Roseomonas	0.0	0.0	0.0	0.0	0.0	0.0	0.0	0.0	0.0	0.0	0.0	0.0	0.0	0.0	0.0	0.0	0.0	0.0	0.0	0.0	0.0	0.0	0.0	0.0	0.0	0.0	0.0	0.0	0.0	0.0	0.0	0.0	0.0	0.0	0.0	0.0	0.0	0.0	0.0	0.0	0.0	0.0	0.0	0.0	0.0	0.0	0.0	0.0	0.0	0.0	0.0	0.0	60.0	0.0	0.0	0.0	0.0	0.0
Rothia	4.0	0.0	19.0	49.0	18.0	0.0	10.0	2.0	0.0	0.0	0.0	0.0	0.0	0.0	0.0	0.0	0.0	0.0	17.0	0.0	0.0	0.0	0.0	0.0	5.0	0.0	8.0	12.0	0.0	0.0	0.0	0.0	0.0	0.0	0.0	0.0	0.0	0.0	0.0	120.0	0.0	0.0	34.0	15.0	0.0	0.0	0.0	0.0	0.0	0.0	19.0	30.0	0.0	0.0	0.0	0.0	0.0	0.0
Ruminiclostridium	0.0	0.0	0.0	0.0	0.0	0.0	0.0	12.0	0.0	0.0	0.0	0.0	0.0	0.0	0.0	0.0	0.0	0.0	0.0	0.0	0.0	0.0	0.0	0.0	0.0	0.0	0.0	0.0	0.0	0.0	0.0	0.0	0.0	0.0	0.0	0.0	0.0	0.0	0.0	0.0	0.0	0.0	0.0	0.0	0.0	0.0	0.0	0.0	0.0	0.0	0.0	0.0	0.0	0.0	0.0	75.0	88.0	0.0
Ruminococcus	828.0	1505.0	2693.0	7253.0	3379.0	2130.0	833.0	656.0	0.0	0.0	2329.0	631.0	1334.0	4155.0	1622.0	607.0	778.0	0.0	3.0	421.0	303.0	2547.0	945.0	4001.0	625.0	0.0	1303.0	497.0	716.0	57.0	1092.0	2552.0	0.0	2337.0	0.0	3978.0	1853.0	849.0	0.0	0.0	0.0	0.0	0.0	165.0	465.0	47.0	0.0	258.0	952.0	0.0	315.0	472.0	112.0	0.0	319.0	211.0	15.0	0.0
Rummeliibacillus	0.0	0.0	0.0	0.0	0.0	16.0	0.0	0.0	0.0	0.0	0.0	0.0	435.0	0.0	0.0	0.0	0.0	0.0	0.0	0.0	0.0	0.0	0.0	0.0	0.0	0.0	0.0	0.0	0.0	0.0	218.0	0.0	0.0	0.0	0.0	0.0	0.0	0.0	0.0	0.0	0.0	0.0	0.0	0.0	0.0	0.0	0.0	0.0	0.0	0.0	0.0	0.0	0.0	0.0	0.0	0.0	0.0	0.0
SC-I-84	0.0	0.0	0.0	0.0	0.0	0.0	0.0	0.0	0.0	0.0	0.0	0.0	0.0	0.0	0.0	0.0	0.0	0.0	0.0	0.0	0.0	0.0	0.0	0.0	0.0	0.0	0.0	0.0	0.0	0.0	0.0	0.0	0.0	0.0	0.0	0.0	0.0	0.0	0.0	0.0	0.0	0.0	0.0	2.0	0.0	0.0	0.0	0.0	0.0	0.0	0.0	0.0	0.0	0.0	0.0	0.0	0.0	0.0
Saccharimonadaceae	0.0	0.0	0.0	0.0	0.0	0.0	0.0	0.0	0.0	0.0	0.0	0.0	0.0	0.0	0.0	0.0	0.0	0.0	0.0	0.0	0.0	0.0	0.0	0.0	0.0	0.0	0.0	7.0	0.0	0.0	0.0	0.0	0.0	0.0	0.0	0.0	0.0	0.0	0.0	0.0	0.0	0.0	0.0	0.0	0.0	0.0	0.0	2.0	0.0	0.0	0.0	0.0	0.0	0.0	0.0	0.0	0.0	0.0
Saccharimonadales	0.0	0.0	0.0	0.0	0.0	0.0	0.0	0.0	0.0	0.0	0.0	0.0	0.0	0.0	0.0	0.0	0.0	0.0	0.0	0.0	0.0	0.0	0.0	0.0	0.0	0.0	0.0	0.0	0.0	0.0	0.0	0.0	0.0	0.0	0.0	0.0	0.0	0.0	0.0	0.0	0.0	0.0	0.0	0.0	0.0	0.0	0.0	0.0	18.0	0.0	0.0	0.0	0.0	0.0	0.0	0.0	0.0	0.0
Sanguibacteroides	0.0	0.0	0.0	0.0	0.0	0.0	0.0	0.0	0.0	0.0	0.0	3.0	0.0	0.0	4.0	0.0	0.0	0.0	0.0	0.0	0.0	0.0	0.0	0.0	0.0	3.0	0.0	0.0	0.0	0.0	0.0	0.0	0.0	0.0	0.0	0.0	0.0	0.0	0.0	0.0	0.0	0.0	0.0	0.0	0.0	0.0	0.0	0.0	0.0	0.0	0.0	0.0	0.0	0.0	0.0	0.0	0.0	0.0
Sarcina	0.0	0.0	0.0	0.0	0.0	0.0	0.0	0.0	0.0	0.0	0.0	0.0	0.0	0.0	0.0	0.0	0.0	0.0	0.0	0.0	0.0	0.0	0.0	159.0	0.0	0.0	0.0	0.0	0.0	0.0	0.0	0.0	0.0	0.0	0.0	0.0	0.0	0.0	0.0	0.0	30.0	0.0	0.0	0.0	0.0	0.0	0.0	0.0	0.0	0.0	0.0	0.0	0.0	0.0	0.0	0.0	0.0	0.0
Scardovia	0.0	0.0	0.0	0.0	0.0	0.0	0.0	0.0	0.0	0.0	0.0	0.0	0.0	0.0	0.0	2.0	0.0	0.0	0.0	0.0	0.0	0.0	0.0	0.0	0.0	0.0	0.0	0.0	0.0	0.0	0.0	0.0	0.0	0.0	0.0	0.0	0.0	0.0	0.0	0.0	0.0	0.0	0.0	0.0	0.0	0.0	0.0	0.0	0.0	0.0	0.0	0.0	0.0	0.0	0.0	0.0	0.0	0.0
Sellimonas	0.0	0.0	0.0	41.0	0.0	7.0	0.0	6.0	0.0	0.0	0.0	0.0	0.0	0.0	0.0	0.0	11.0	22.0	0.0	0.0	0.0	0.0	0.0	0.0	0.0	0.0	5.0	74.0	0.0	150.0	0.0	7.0	0.0	23.0	0.0	43.0	0.0	0.0	0.0	0.0	0.0	138.0	62.0	0.0	0.0	0.0	0.0	7.0	16.0	0.0	0.0	0.0	0.0	60.0	15.0	0.0	0.0	0.0
Senegalimassilia	0.0	0.0	0.0	0.0	0.0	0.0	0.0	0.0	0.0	0.0	19.0	0.0	55.0	0.0	0.0	0.0	0.0	0.0	0.0	0.0	0.0	0.0	5.0	0.0	0.0	0.0	13.0	0.0	0.0	0.0	0.0	0.0	0.0	0.0	0.0	0.0	0.0	0.0	0.0	0.0	0.0	0.0	0.0	0.0	0.0	0.0	0.0	0.0	8.0	0.0	0.0	0.0	0.0	0.0	0.0	0.0	0.0	0.0
Skermanella	0.0	0.0	0.0	0.0	0.0	0.0	0.0	0.0	0.0	0.0	0.0	0.0	0.0	0.0	0.0	0.0	0.0	0.0	0.0	0.0	0.0	0.0	0.0	0.0	0.0	0.0	0.0	0.0	0.0	0.0	0.0	0.0	0.0	0.0	0.0	0.0	0.0	0.0	0.0	0.0	0.0	0.0	0.0	0.0	0.0	0.0	0.0	0.0	0.0	0.0	18.0	0.0	0.0	0.0	0.0	0.0	0.0	0.0
Slackia	0.0	0.0	0.0	0.0	0.0	4.0	0.0	0.0	0.0	0.0	0.0	0.0	0.0	7.0	0.0	0.0	0.0	0.0	0.0	0.0	36.0	0.0	0.0	0.0	0.0	0.0	0.0	0.0	0.0	0.0	0.0	11.0	0.0	0.0	0.0	0.0	0.0	0.0	0.0	0.0	9.0	0.0	18.0	0.0	0.0	0.0	0.0	0.0	0.0	0.0	0.0	0.0	0.0	0.0	0.0	0.0	0.0	0.0
Sneathia	0.0	0.0	0.0	0.0	0.0	0.0	0.0	0.0	0.0	0.0	0.0	0.0	0.0	0.0	0.0	0.0	0.0	0.0	0.0	0.0	0.0	0.0	0.0	0.0	0.0	0.0	0.0	0.0	0.0	0.0	0.0	0.0	0.0	0.0	0.0	0.0	0.0	0.0	0.0	0.0	0.0	0.0	0.0	0.0	77.0	0.0	0.0	0.0	0.0	0.0	0.0	0.0	0.0	0.0	0.0	0.0	0.0	0.0
Solobacterium	0.0	0.0	0.0	0.0	0.0	0.0	0.0	0.0	0.0	0.0	779.0	0.0	0.0	0.0	0.0	41.0	0.0	0.0	0.0	529.0	0.0	0.0	514.0	0.0	0.0	0.0	0.0	0.0	0.0	0.0	0.0	0.0	0.0	0.0	0.0	0.0	0.0	0.0	0.0	0.0	0.0	0.0	0.0	0.0	0.0	0.0	19.0	0.0	0.0	0.0	0.0	0.0	0.0	0.0	0.0	14.0	0.0	0.0
Sphaerotilus	0.0	0.0	0.0	0.0	0.0	0.0	0.0	0.0	0.0	0.0	0.0	0.0	0.0	0.0	0.0	0.0	0.0	0.0	0.0	0.0	0.0	0.0	0.0	0.0	0.0	3.0	0.0	0.0	0.0	0.0	0.0	0.0	0.0	0.0	0.0	0.0	0.0	0.0	0.0	0.0	0.0	0.0	0.0	0.0	0.0	0.0	0.0	0.0	0.0	0.0	0.0	0.0	0.0	0.0	0.0	0.0	0.0	0.0
Sphingobacterium	0.0	0.0	0.0	0.0	0.0	0.0	0.0	0.0	0.0	0.0	0.0	0.0	0.0	0.0	0.0	0.0	0.0	0.0	0.0	0.0	0.0	0.0	0.0	16.0	0.0	0.0	0.0	0.0	0.0	0.0	0.0	0.0	0.0	0.0	0.0	0.0	0.0	0.0	0.0	0.0	0.0	0.0	0.0	0.0	18.0	96.0	0.0	0.0	0.0	4.0	31.0	0.0	0.0	0.0	0.0	0.0	0.0	0.0
Sphingobium	0.0	0.0	0.0	0.0	0.0	0.0	0.0	0.0	0.0	0.0	0.0	0.0	0.0	0.0	0.0	0.0	0.0	0.0	0.0	0.0	0.0	0.0	0.0	0.0	0.0	0.0	0.0	0.0	0.0	0.0	0.0	0.0	0.0	0.0	0.0	0.0	0.0	0.0	33.0	0.0	11.0	0.0	0.0	0.0	0.0	3.0	0.0	0.0	0.0	0.0	4.0	0.0	119.0	0.0	7.0	5.0	0.0	0.0
Sphingomonas	0.0	0.0	0.0	0.0	0.0	0.0	0.0	0.0	0.0	0.0	0.0	0.0	0.0	0.0	0.0	0.0	0.0	0.0	0.0	0.0	0.0	0.0	0.0	0.0	0.0	0.0	0.0	0.0	0.0	0.0	0.0	0.0	0.0	0.0	0.0	0.0	0.0	0.0	0.0	0.0	73.0	0.0	0.0	41.0	0.0	20.0	0.0	13.0	0.0	0.0	29.0	0.0	0.0	55.0	0.0	4.0	0.0	0.0
Staphylococcus	0.0	0.0	0.0	0.0	0.0	0.0	0.0	0.0	0.0	0.0	0.0	0.0	0.0	0.0	0.0	0.0	0.0	16.0	0.0	0.0	0.0	0.0	0.0	0.0	0.0	0.0	0.0	17.0	3.0	0.0	0.0	0.0	0.0	0.0	0.0	0.0	0.0	10.0	177.0	0.0	0.0	24.0	683.0	628.0	154.0	0.0	150.0	54.0	61.0	640.0	172.0	54.0	585.0	292.0	3.0	497.0	165.0	0.0
Stenotrophomonas	0.0	0.0	0.0	0.0	0.0	0.0	0.0	0.0	0.0	0.0	0.0	0.0	0.0	0.0	0.0	0.0	0.0	0.0	0.0	0.0	0.0	0.0	0.0	0.0	0.0	5.0	0.0	0.0	0.0	0.0	0.0	0.0	0.0	0.0	0.0	0.0	0.0	10.0	33.0	187.0	0.0	2.0	25.0	68.0	9.0	0.0	0.0	0.0	30.0	0.0	28.0	0.0	115.0	113.0	34.0	0.0	0.0	0.0
Streptococcus	709.0	423.0	2527.0	5828.0	2279.0	49.0	122.0	133.0	390.0	54.0	446.0	44.0	164.0	136.0	110.0	848.0	123.0	1741.0	3641.0	87.0	13.0	24.0	482.0	0.0	211.0	49.0	642.0	1887.0	138.0	39.0	96.0	27.0	0.0	160.0	0.0	115.0	180.0	0.0	26.0	0.0	1145.0	157.0	137.0	161.0	360.0	52.0	63.0	40.0	209.0	606.0	322.0	52.0	74.0	38.0	37.0	5.0	105.0	0.0
Streptomyces	0.0	0.0	0.0	0.0	0.0	0.0	0.0	0.0	0.0	0.0	0.0	0.0	0.0	0.0	0.0	0.0	0.0	19.0	0.0	0.0	0.0	0.0	0.0	0.0	0.0	0.0	0.0	0.0	0.0	0.0	0.0	0.0	0.0	0.0	0.0	0.0	0.0	0.0	0.0	0.0	0.0	0.0	0.0	0.0	0.0	0.0	0.0	0.0	0.0	0.0	0.0	0.0	0.0	0.0	0.0	0.0	0.0	0.0
Subdoligranulum	932.0	3818.0	277.0	1306.0	425.0	7.0	559.0	2397.0	432.0	657.0	1312.0	231.0	3185.0	283.0	2269.0	765.0	701.0	73.0	2.0	674.0	1990.0	373.0	1078.0	358.0	1564.0	1482.0	1710.0	411.0	177.0	223.0	2292.0	2384.0	0.0	422.0	0.0	308.0	39.0	110.0	0.0	0.0	1534.0	0.0	1205.0	160.0	2551.0	681.0	2313.0	69.0	197.0	0.0	384.0	22.0	2103.0	849.0	144.0	301.0	0.0	0.0
Succinatimonas	0.0	0.0	5.0	0.0	0.0	0.0	0.0	0.0	0.0	0.0	0.0	0.0	0.0	0.0	0.0	0.0	0.0	0.0	0.0	0.0	0.0	0.0	0.0	0.0	0.0	0.0	0.0	0.0	0.0	0.0	0.0	0.0	0.0	0.0	0.0	0.0	0.0	0.0	0.0	0.0	0.0	0.0	0.0	0.0	0.0	0.0	0.0	0.0	0.0	0.0	0.0	0.0	0.0	0.0	0.0	0.0	0.0	0.0
Succiniclasticum	0.0	0.0	0.0	0.0	0.0	0.0	0.0	0.0	0.0	0.0	102.0	0.0	0.0	0.0	0.0	0.0	0.0	0.0	0.0	0.0	0.0	0.0	30.0	0.0	0.0	0.0	0.0	0.0	0.0	0.0	0.0	0.0	0.0	0.0	0.0	0.0	0.0	0.0	0.0	0.0	0.0	0.0	0.0	0.0	0.0	0.0	0.0	0.0	0.0	0.0	0.0	0.0	0.0	0.0	0.0	0.0	0.0	0.0
Succinivibrio	0.0	0.0	0.0	0.0	0.0	0.0	0.0	0.0	0.0	0.0	7811.0	1344.0	0.0	0.0	0.0	0.0	0.0	0.0	0.0	0.0	0.0	0.0	4504.0	0.0	0.0	0.0	0.0	0.0	0.0	0.0	0.0	0.0	0.0	0.0	0.0	0.0	0.0	0.0	0.0	0.0	0.0	0.0	0.0	0.0	0.0	0.0	0.0	0.0	0.0	0.0	0.0	0.0	0.0	0.0	0.0	0.0	0.0	0.0
Sutterella	0.0	72.0	905.0	1071.0	933.0	40.0	0.0	107.0	0.0	497.0	0.0	28.0	12.0	26.0	156.0	35.0	0.0	42.0	14.0	70.0	7.0	744.0	12.0	77.0	0.0	0.0	0.0	0.0	0.0	182.0	6.0	337.0	0.0	76.0	0.0	75.0	408.0	565.0	883.0	247.0	832.0	0.0	393.0	0.0	0.0	5.0	0.0	152.0	1601.0	1318.0	369.0	94.0	767.0	218.0	331.0	100.0	0.0	0.0
Synergistes	0.0	0.0	0.0	0.0	0.0	0.0	0.0	0.0	0.0	0.0	0.0	0.0	0.0	0.0	29.0	7.0	0.0	0.0	0.0	0.0	0.0	0.0	0.0	0.0	0.0	0.0	0.0	0.0	0.0	0.0	0.0	0.0	0.0	0.0	0.0	0.0	0.0	0.0	0.0	0.0	0.0	0.0	0.0	0.0	0.0	0.0	0.0	0.0	0.0	0.0	0.0	0.0	0.0	0.0	0.0	0.0	0.0	0.0
Syntrophomonas	0.0	0.0	0.0	0.0	0.0	0.0	0.0	7.0	0.0	0.0	0.0	0.0	0.0	0.0	0.0	0.0	0.0	0.0	0.0	0.0	0.0	0.0	0.0	0.0	0.0	0.0	0.0	0.0	0.0	0.0	0.0	0.0	0.0	0.0	0.0	0.0	0.0	0.0	0.0	0.0	0.0	0.0	0.0	0.0	0.0	0.0	0.0	0.0	0.0	0.0	0.0	0.0	0.0	0.0	0.0	0.0	0.0	0.0
TM7x	0.0	0.0	0.0	0.0	0.0	0.0	0.0	0.0	0.0	0.0	0.0	0.0	0.0	0.0	0.0	0.0	0.0	0.0	0.0	0.0	0.0	0.0	0.0	0.0	0.0	0.0	6.0	0.0	0.0	0.0	0.0	3.0	0.0	0.0	0.0	0.0	0.0	0.0	0.0	0.0	0.0	0.0	0.0	0.0	0.0	0.0	0.0	0.0	0.0	0.0	0.0	0.0	0.0	0.0	0.0	5.0	0.0	0.0
Tannerellaceae	0.0	0.0	0.0	0.0	0.0	0.0	0.0	0.0	16.0	0.0	0.0	0.0	0.0	0.0	33.0	0.0	0.0	0.0	0.0	0.0	0.0	0.0	0.0	0.0	0.0	0.0	0.0	0.0	0.0	332.0	0.0	0.0	0.0	0.0	0.0	0.0	0.0	0.0	0.0	0.0	0.0	0.0	0.0	117.0	0.0	0.0	0.0	0.0	0.0	0.0	0.0	0.0	0.0	0.0	0.0	0.0	0.0	0.0
Tepidimonas	0.0	0.0	0.0	0.0	0.0	0.0	0.0	0.0	0.0	0.0	0.0	0.0	0.0	0.0	0.0	0.0	0.0	0.0	0.0	0.0	0.0	0.0	0.0	0.0	0.0	0.0	0.0	0.0	0.0	0.0	0.0	0.0	0.0	0.0	0.0	0.0	0.0	0.0	0.0	0.0	0.0	0.0	0.0	0.0	0.0	0.0	0.0	0.0	0.0	0.0	5.0	0.0	0.0	0.0	0.0	0.0	0.0	0.0
Terrimicrobium	0.0	0.0	0.0	0.0	0.0	0.0	0.0	0.0	0.0	0.0	0.0	0.0	0.0	0.0	0.0	0.0	0.0	0.0	0.0	0.0	0.0	0.0	0.0	0.0	0.0	0.0	0.0	0.0	0.0	0.0	0.0	0.0	0.0	0.0	0.0	0.0	0.0	0.0	0.0	0.0	0.0	0.0	0.0	5.0	0.0	0.0	0.0	0.0	0.0	0.0	0.0	0.0	0.0	0.0	0.0	0.0	0.0	0.0
Terrisporobacter	0.0	20.0	0.0	0.0	0.0	0.0	0.0	12.0	0.0	0.0	2839.0	171.0	0.0	114.0	0.0	49.0	0.0	114.0	120.0	55.0	271.0	8.0	2219.0	90.0	0.0	0.0	0.0	0.0	2.0	0.0	0.0	6.0	0.0	92.0	0.0	86.0	0.0	0.0	0.0	0.0	0.0	5.0	0.0	0.0	0.0	12.0	10.0	0.0	0.0	0.0	0.0	0.0	0.0	0.0	0.0	0.0	0.0	0.0
Treponema	0.0	0.0	0.0	0.0	0.0	0.0	0.0	0.0	0.0	0.0	0.0	0.0	0.0	0.0	0.0	0.0	0.0	0.0	0.0	0.0	0.0	0.0	0.0	0.0	0.0	0.0	0.0	0.0	0.0	0.0	0.0	0.0	0.0	0.0	0.0	0.0	0.0	0.0	0.0	0.0	0.0	0.0	0.0	0.0	0.0	0.0	0.0	0.0	0.0	0.0	0.0	0.0	0.0	0.0	0.0	0.0	53.0	0.0
Tumebacillus	0.0	0.0	0.0	0.0	0.0	0.0	0.0	0.0	0.0	0.0	0.0	0.0	0.0	0.0	0.0	0.0	0.0	0.0	0.0	0.0	0.0	0.0	0.0	0.0	0.0	0.0	0.0	0.0	0.0	0.0	0.0	0.0	0.0	0.0	0.0	0.0	0.0	0.0	0.0	0.0	16.0	0.0	0.0	0.0	17.0	0.0	0.0	2.0	0.0	0.0	36.0	0.0	0.0	0.0	0.0	0.0	0.0	0.0
Turicella	0.0	0.0	0.0	0.0	0.0	0.0	0.0	0.0	0.0	0.0	0.0	0.0	0.0	0.0	0.0	0.0	0.0	0.0	0.0	0.0	0.0	0.0	0.0	0.0	0.0	0.0	0.0	0.0	0.0	0.0	0.0	0.0	0.0	0.0	0.0	0.0	0.0	0.0	0.0	0.0	0.0	44.0	0.0	0.0	0.0	0.0	24.0	0.0	0.0	0.0	0.0	0.0	0.0	0.0	0.0	0.0	0.0	0.0
Turicibacter	19.0	0.0	0.0	0.0	0.0	17.0	0.0	21.0	0.0	2.0	714.0	0.0	0.0	26.0	0.0	48.0	0.0	20.0	0.0	199.0	24.0	0.0	512.0	61.0	0.0	0.0	0.0	85.0	0.0	176.0	0.0	37.0	0.0	215.0	0.0	115.0	0.0	0.0	0.0	0.0	0.0	0.0	2.0	0.0	14.0	0.0	0.0	16.0	13.0	0.0	9.0	0.0	32.0	2.0	0.0	0.0	0.0	0.0
Tuzzerella	0.0	0.0	0.0	0.0	0.0	0.0	0.0	0.0	0.0	0.0	0.0	0.0	0.0	0.0	3.0	0.0	0.0	0.0	0.0	7.0	0.0	0.0	0.0	0.0	0.0	0.0	0.0	0.0	0.0	0.0	0.0	0.0	0.0	0.0	0.0	0.0	0.0	0.0	0.0	0.0	0.0	22.0	35.0	0.0	0.0	0.0	0.0	0.0	0.0	0.0	4.0	28.0	0.0	0.0	0.0	0.0	0.0	0.0
Tyzzerella	0.0	27.0	58.0	99.0	77.0	92.0	0.0	0.0	0.0	0.0	0.0	0.0	0.0	0.0	78.0	0.0	0.0	2023.0	0.0	23.0	0.0	0.0	0.0	93.0	34.0	530.0	0.0	105.0	0.0	0.0	0.0	25.0	0.0	0.0	0.0	0.0	0.0	0.0	18.0	0.0	0.0	700.0	61.0	0.0	0.0	0.0	0.0	21.0	208.0	24.0	0.0	0.0	0.0	0.0	95.0	3.0	0.0	0.0
UBA1819	29.0	45.0	2.0	709.0	3.0	88.0	50.0	61.0	56.0	35.0	7.0	25.0	44.0	35.0	26.0	13.0	45.0	406.0	0.0	53.0	222.0	34.0	4.0	53.0	0.0	216.0	122.0	84.0	21.0	1607.0	22.0	57.0	0.0	3.0	0.0	0.0	12.0	34.0	589.0	0.0	21.0	332.0	383.0	94.0	43.0	0.0	52.0	17.0	0.0	0.0	0.0	0.0	0.0	0.0	25.0	0.0	0.0	0.0
UC5-1-2E3	0.0	0.0	0.0	41.0	0.0	39.0	0.0	0.0	0.0	0.0	0.0	0.0	0.0	0.0	0.0	0.0	0.0	0.0	0.0	0.0	0.0	0.0	0.0	0.0	0.0	0.0	0.0	0.0	0.0	3.0	0.0	0.0	0.0	0.0	0.0	0.0	0.0	0.0	25.0	0.0	0.0	0.0	0.0	0.0	0.0	0.0	0.0	0.0	0.0	0.0	0.0	0.0	0.0	0.0	0.0	0.0	0.0	0.0
UCG-002	483.0	832.0	250.0	0.0	428.0	221.0	315.0	1229.0	0.0	705.0	94.0	295.0	1855.0	1453.0	2076.0	1382.0	611.0	40.0	0.0	515.0	1009.0	123.0	48.0	1093.0	82.0	2038.0	0.0	511.0	921.0	0.0	2171.0	5085.0	0.0	88.0	0.0	63.0	96.0	110.0	24.0	0.0	0.0	0.0	617.0	923.0	306.0	101.0	14.0	937.0	0.0	0.0	908.0	2947.0	85.0	202.0	313.0	392.0	861.0	0.0
UCG-003	58.0	503.0	0.0	0.0	0.0	0.0	9.0	0.0	0.0	81.0	58.0	0.0	36.0	33.0	231.0	156.0	0.0	0.0	0.0	33.0	46.0	0.0	0.0	244.0	0.0	28.0	0.0	0.0	109.0	0.0	35.0	32.0	0.0	0.0	0.0	0.0	13.0	9.0	18.0	0.0	0.0	0.0	22.0	0.0	43.0	10.0	0.0	0.0	0.0	0.0	62.0	33.0	0.0	0.0	61.0	68.0	0.0	0.0
UCG-004	0.0	0.0	0.0	0.0	0.0	0.0	0.0	0.0	0.0	0.0	0.0	16.0	0.0	0.0	21.0	0.0	0.0	0.0	0.0	0.0	0.0	0.0	0.0	0.0	0.0	0.0	0.0	0.0	0.0	0.0	0.0	0.0	0.0	0.0	0.0	0.0	0.0	0.0	0.0	0.0	0.0	0.0	0.0	0.0	0.0	0.0	0.0	0.0	0.0	0.0	0.0	7.0	0.0	0.0	0.0	0.0	0.0	0.0
UCG-005	249.0	403.0	16.0	618.0	50.0	74.0	218.0	719.0	0.0	11.0	270.0	52.0	277.0	374.0	1594.0	643.0	214.0	31.0	0.0	215.0	228.0	272.0	70.0	1409.0	208.0	709.0	0.0	0.0	11.0	0.0	345.0	22.0	0.0	5.0	0.0	2.0	0.0	311.0	146.0	0.0	0.0	0.0	0.0	819.0	896.0	115.0	0.0	396.0	0.0	0.0	76.0	1785.0	0.0	94.0	224.0	1024.0	664.0	0.0
UCG-007	0.0	0.0	0.0	0.0	0.0	0.0	0.0	14.0	0.0	0.0	0.0	0.0	0.0	0.0	0.0	0.0	0.0	0.0	0.0	4.0	0.0	4.0	0.0	15.0	0.0	0.0	0.0	5.0	0.0	0.0	0.0	0.0	0.0	0.0	0.0	0.0	0.0	21.0	0.0	0.0	0.0	0.0	0.0	0.0	0.0	0.0	0.0	0.0	0.0	0.0	0.0	0.0	0.0	0.0	0.0	0.0	36.0	0.0
UCG-008	0.0	0.0	0.0	53.0	0.0	0.0	0.0	0.0	0.0	51.0	0.0	0.0	0.0	0.0	24.0	0.0	0.0	0.0	0.0	0.0	47.0	0.0	0.0	0.0	0.0	0.0	0.0	0.0	0.0	0.0	0.0	0.0	0.0	0.0	0.0	0.0	0.0	0.0	0.0	0.0	0.0	0.0	0.0	0.0	0.0	0.0	0.0	0.0	0.0	0.0	0.0	0.0	0.0	0.0	0.0	0.0	0.0	0.0
UCG-009	0.0	11.0	0.0	0.0	0.0	14.0	0.0	5.0	0.0	21.0	0.0	0.0	0.0	16.0	9.0	0.0	0.0	0.0	0.0	9.0	10.0	0.0	0.0	8.0	2.0	0.0	0.0	0.0	0.0	0.0	0.0	20.0	0.0	0.0	0.0	0.0	0.0	0.0	0.0	0.0	0.0	0.0	64.0	11.0	0.0	0.0	0.0	0.0	0.0	0.0	0.0	12.0	0.0	0.0	0.0	0.0	0.0	0.0
UCG-010	0.0	143.0	0.0	0.0	0.0	0.0	15.0	420.0	0.0	0.0	74.0	0.0	39.0	141.0	472.0	676.0	15.0	0.0	0.0	19.0	320.0	107.0	33.0	130.0	35.0	64.0	9.0	4.0	0.0	0.0	48.0	5.0	0.0	0.0	0.0	0.0	0.0	236.0	0.0	0.0	0.0	0.0	0.0	435.0	0.0	0.0	0.0	12.0	0.0	0.0	0.0	1733.0	0.0	0.0	8.0	20.0	65.0	0.0
Unassigned	6099.0	7990.0	5356.0	1592.0	7590.0	1536.0	1425.0	1523.0	6701.0	6390.0	1501.0	1380.0	7348.0	5524.0	17426.0	3240.0	2205.0	5825.0	21699.0	8688.0	2395.0	597.0	1084.0	1874.0	2397.0	3942.0	3614.0	2262.0	1279.0	12309.0	4535.0	1512.0	0.0	13447.0	0.0	9063.0	1249.0	2086.0	1001.0	855.0	722.0	2447.0	2332.0	2082.0	207.0	110.0	285.0	3902.0	5866.0	574.0	1060.0	3983.0	11464.0	2336.0	1880.0	512.0	842.0	0.0
V9D2013_group	0.0	0.0	0.0	0.0	0.0	0.0	0.0	0.0	0.0	0.0	0.0	0.0	0.0	6.0	0.0	0.0	0.0	0.0	0.0	0.0	0.0	0.0	0.0	0.0	0.0	0.0	0.0	0.0	0.0	0.0	0.0	0.0	0.0	0.0	0.0	0.0	0.0	0.0	0.0	0.0	0.0	0.0	0.0	0.0	0.0	0.0	0.0	0.0	0.0	0.0	0.0	0.0	0.0	0.0	0.0	0.0	0.0	0.0
Vagococcus	0.0	0.0	0.0	0.0	0.0	0.0	0.0	0.0	0.0	0.0	0.0	0.0	0.0	0.0	0.0	0.0	0.0	0.0	0.0	0.0	0.0	0.0	0.0	0.0	0.0	0.0	0.0	0.0	0.0	0.0	0.0	0.0	0.0	0.0	0.0	0.0	0.0	0.0	0.0	0.0	0.0	0.0	0.0	0.0	0.0	0.0	0.0	0.0	0.0	0.0	0.0	0.0	0.0	0.0	18.0	0.0	0.0	0.0
Variovorax	0.0	0.0	0.0	0.0	0.0	0.0	0.0	0.0	0.0	0.0	0.0	0.0	0.0	0.0	0.0	0.0	0.0	0.0	0.0	0.0	0.0	0.0	0.0	0.0	0.0	0.0	0.0	0.0	0.0	0.0	0.0	0.0	0.0	0.0	0.0	0.0	0.0	0.0	0.0	0.0	0.0	0.0	0.0	0.0	0.0	0.0	0.0	0.0	0.0	0.0	0.0	16.0	3.0	0.0	18.0	7.0	0.0	0.0
Veillonella	0.0	20.0	70.0	49.0	29.0	63.0	175.0	0.0	0.0	0.0	72.0	22.0	0.0	0.0	0.0	0.0	190.0	0.0	488.0	63.0	0.0	2088.0	51.0	0.0	257.0	0.0	16.0	0.0	6.0	0.0	0.0	0.0	0.0	36.0	0.0	29.0	9.0	9.0	2390.0	247.0	147.0	2307.0	0.0	0.0	69.0	16.0	9.0	15.0	3881.0	45.0	50.0	0.0	192.0	0.0	0.0	0.0	133.0	0.0
Veillonellaceae	0.0	0.0	0.0	0.0	0.0	0.0	0.0	0.0	0.0	35.0	0.0	59.0	0.0	0.0	0.0	28.0	0.0	0.0	0.0	0.0	0.0	0.0	0.0	0.0	0.0	0.0	0.0	0.0	0.0	0.0	0.0	0.0	0.0	0.0	0.0	0.0	148.0	0.0	0.0	0.0	0.0	0.0	0.0	0.0	0.0	0.0	0.0	0.0	0.0	0.0	0.0	0.0	0.0	0.0	0.0	0.0	0.0	0.0
Vicinamibacteraceae	0.0	0.0	0.0	0.0	0.0	0.0	0.0	0.0	0.0	0.0	0.0	0.0	0.0	0.0	0.0	0.0	0.0	0.0	0.0	0.0	0.0	0.0	0.0	0.0	0.0	0.0	0.0	0.0	0.0	0.0	0.0	0.0	0.0	0.0	0.0	0.0	0.0	0.0	0.0	0.0	0.0	0.0	0.0	49.0	8.0	0.0	0.0	0.0	0.0	0.0	0.0	2.0	0.0	0.0	0.0	0.0	0.0	0.0
Victivallaceae	0.0	0.0	0.0	0.0	0.0	0.0	0.0	0.0	0.0	0.0	0.0	0.0	0.0	0.0	0.0	0.0	0.0	0.0	0.0	0.0	0.0	0.0	0.0	0.0	0.0	0.0	0.0	0.0	0.0	0.0	0.0	0.0	0.0	0.0	0.0	0.0	0.0	0.0	0.0	0.0	0.0	0.0	0.0	54.0	0.0	0.0	0.0	0.0	0.0	0.0	0.0	0.0	0.0	0.0	0.0	0.0	0.0	0.0
Victivallis	0.0	0.0	0.0	0.0	0.0	0.0	0.0	5.0	10.0	20.0	0.0	0.0	0.0	0.0	6.0	0.0	0.0	0.0	0.0	0.0	0.0	46.0	0.0	0.0	0.0	0.0	0.0	0.0	0.0	0.0	0.0	0.0	0.0	0.0	0.0	0.0	0.0	0.0	0.0	0.0	0.0	0.0	0.0	55.0	5.0	7.0	0.0	0.0	0.0	0.0	0.0	5.0	40.0	0.0	0.0	0.0	0.0	0.0
Vulcaniibacterium	0.0	0.0	0.0	0.0	0.0	0.0	0.0	0.0	0.0	0.0	0.0	0.0	0.0	0.0	0.0	0.0	0.0	0.0	0.0	0.0	0.0	0.0	0.0	0.0	0.0	0.0	0.0	0.0	0.0	0.0	0.0	0.0	0.0	0.0	0.0	0.0	0.0	0.0	0.0	0.0	0.0	0.0	0.0	0.0	0.0	0.0	0.0	0.0	0.0	0.0	39.0	0.0	0.0	0.0	0.0	0.0	0.0	0.0
Weissella	0.0	0.0	0.0	0.0	0.0	0.0	0.0	0.0	0.0	0.0	0.0	0.0	0.0	0.0	0.0	0.0	0.0	0.0	186.0	0.0	0.0	0.0	0.0	0.0	0.0	0.0	0.0	0.0	0.0	0.0	0.0	0.0	0.0	0.0	0.0	0.0	0.0	0.0	0.0	0.0	0.0	0.0	0.0	0.0	0.0	0.0	0.0	3.0	0.0	38.0	0.0	0.0	0.0	0.0	0.0	0.0	0.0	0.0
Xanthomonas	0.0	0.0	0.0	0.0	0.0	0.0	0.0	0.0	0.0	0.0	0.0	0.0	0.0	0.0	0.0	0.0	0.0	0.0	0.0	0.0	0.0	0.0	0.0	0.0	0.0	0.0	0.0	0.0	0.0	0.0	0.0	0.0	0.0	0.0	0.0	0.0	0.0	0.0	0.0	0.0	0.0	0.0	0.0	0.0	0.0	0.0	0.0	0.0	43.0	0.0	0.0	0.0	0.0	0.0	0.0	0.0	0.0	0.0
Zoogloea	0.0	0.0	0.0	0.0	0.0	0.0	0.0	0.0	0.0	0.0	0.0	0.0	0.0	0.0	0.0	0.0	0.0	0.0	0.0	0.0	0.0	0.0	0.0	0.0	0.0	0.0	0.0	0.0	0.0	0.0	0.0	0.0	0.0	0.0	0.0	0.0	0.0	0.0	0.0	0.0	0.0	0.0	0.0	0.0	0.0	0.0	0.0	0.0	0.0	0.0	17.0	0.0	0.0	0.0	0.0	0.0	0.0	0.0
[Anaerorhabdus]_furcosa_group	0.0	0.0	0.0	0.0	0.0	0.0	0.0	0.0	0.0	0.0	0.0	0.0	0.0	0.0	0.0	0.0	0.0	0.0	0.0	0.0	0.0	0.0	0.0	0.0	6.0	0.0	0.0	0.0	0.0	0.0	0.0	0.0	0.0	0.0	0.0	0.0	0.0	0.0	0.0	0.0	0.0	0.0	0.0	0.0	0.0	0.0	0.0	0.0	0.0	0.0	0.0	0.0	0.0	0.0	0.0	0.0	0.0	0.0
[Bacteroides]_pectinophilus_group	0.0	0.0	0.0	0.0	0.0	0.0	0.0	0.0	0.0	0.0	0.0	0.0	0.0	0.0	0.0	0.0	0.0	0.0	0.0	10.0	0.0	0.0	0.0	0.0	0.0	0.0	0.0	0.0	0.0	0.0	0.0	0.0	0.0	0.0	0.0	0.0	0.0	0.0	0.0	0.0	0.0	0.0	0.0	0.0	0.0	0.0	0.0	0.0	0.0	0.0	0.0	13.0	0.0	0.0	0.0	0.0	0.0	0.0
[Clostridium]_innocuum_group	0.0	0.0	0.0	40.0	0.0	81.0	0.0	0.0	0.0	0.0	0.0	0.0	0.0	0.0	21.0	0.0	0.0	68.0	0.0	0.0	0.0	9.0	0.0	0.0	0.0	160.0	18.0	7.0	0.0	13.0	0.0	0.0	0.0	0.0	0.0	0.0	11.0	0.0	0.0	0.0	0.0	101.0	6.0	11.0	0.0	0.0	0.0	0.0	0.0	0.0	0.0	0.0	0.0	66.0	0.0	0.0	0.0	0.0
[Clostridium]_methylpentosum_group	10.0	8.0	4.0	32.0	11.0	12.0	0.0	0.0	14.0	23.0	2.0	55.0	57.0	7.0	0.0	0.0	0.0	0.0	0.0	12.0	79.0	0.0	0.0	10.0	0.0	3.0	0.0	0.0	0.0	0.0	42.0	9.0	0.0	0.0	0.0	3.0	4.0	0.0	0.0	0.0	0.0	0.0	24.0	12.0	0.0	10.0	0.0	17.0	0.0	0.0	0.0	17.0	0.0	0.0	0.0	5.0	0.0	0.0
[Eubacterium]_brachy_group	0.0	0.0	0.0	11.0	0.0	0.0	0.0	0.0	0.0	0.0	0.0	0.0	0.0	0.0	0.0	0.0	0.0	15.0	0.0	0.0	0.0	5.0	0.0	0.0	0.0	0.0	13.0	7.0	6.0	6.0	0.0	10.0	0.0	0.0	0.0	6.0	0.0	0.0	0.0	0.0	0.0	0.0	0.0	0.0	0.0	0.0	0.0	0.0	0.0	0.0	0.0	0.0	0.0	0.0	0.0	0.0	0.0	0.0
[Eubacterium]_coprostanoligenes_group	705.0	3024.0	160.0	1324.0	156.0	813.0	635.0	204.0	1270.0	1759.0	534.0	2448.0	1637.0	2399.0	589.0	1214.0	816.0	323.0	0.0	955.0	910.0	668.0	293.0	1359.0	113.0	482.0	1060.0	373.0	100.0	705.0	895.0	1497.0	0.0	878.0	0.0	921.0	194.0	555.0	0.0	0.0	135.0	0.0	4460.0	536.0	280.0	57.0	0.0	39.0	0.0	23.0	409.0	570.0	76.0	0.0	82.0	1186.0	202.0	0.0
[Eubacterium]_eligens_group	113.0	0.0	279.0	0.0	509.0	166.0	184.0	91.0	165.0	283.0	1408.0	393.0	196.0	674.0	287.0	14.0	135.0	0.0	0.0	0.0	21.0	123.0	487.0	143.0	182.0	0.0	279.0	0.0	66.0	0.0	53.0	460.0	0.0	370.0	0.0	251.0	28.0	3.0	0.0	0.0	0.0	0.0	0.0	18.0	102.0	18.0	0.0	0.0	395.0	0.0	467.0	7.0	97.0	0.0	0.0	29.0	136.0	0.0
[Eubacterium]_fissicatena_group	0.0	0.0	0.0	0.0	0.0	0.0	0.0	0.0	0.0	0.0	0.0	0.0	0.0	0.0	0.0	0.0	0.0	0.0	0.0	0.0	0.0	0.0	0.0	0.0	0.0	0.0	0.0	0.0	0.0	0.0	0.0	0.0	0.0	0.0	0.0	0.0	0.0	0.0	0.0	0.0	0.0	0.0	0.0	18.0	0.0	0.0	0.0	0.0	0.0	0.0	0.0	0.0	0.0	0.0	0.0	0.0	0.0	0.0
[Eubacterium]_hallii_group	48.0	307.0	0.0	569.0	42.0	12.0	17.0	0.0	440.0	70.0	11.0	38.0	177.0	210.0	0.0	61.0	54.0	0.0	0.0	57.0	30.0	0.0	38.0	45.0	37.0	15.0	505.0	53.0	135.0	168.0	63.0	137.0	0.0	7.0	0.0	27.0	0.0	190.0	0.0	0.0	0.0	15.0	0.0	47.0	12.0	0.0	11.0	0.0	6.0	22.0	0.0	0.0	0.0	0.0	13.0	0.0	0.0	0.0
[Eubacterium]_nodatum_group	0.0	5.0	0.0	138.0	0.0	23.0	0.0	3.0	0.0	0.0	0.0	0.0	9.0	0.0	0.0	0.0	0.0	0.0	0.0	0.0	0.0	8.0	0.0	0.0	0.0	0.0	9.0	5.0	0.0	5.0	22.0	0.0	0.0	0.0	0.0	0.0	0.0	0.0	31.0	0.0	0.0	0.0	0.0	0.0	0.0	0.0	0.0	0.0	0.0	0.0	0.0	0.0	0.0	0.0	0.0	0.0	0.0	0.0
[Eubacterium]_ruminantium_group	0.0	102.0	0.0	0.0	0.0	0.0	0.0	0.0	0.0	0.0	28.0	0.0	0.0	0.0	25.0	0.0	0.0	0.0	0.0	0.0	0.0	0.0	0.0	1238.0	0.0	0.0	0.0	0.0	99.0	0.0	0.0	53.0	0.0	0.0	0.0	0.0	0.0	0.0	0.0	0.0	0.0	0.0	0.0	0.0	0.0	0.0	0.0	0.0	0.0	0.0	0.0	0.0	83.0	0.0	0.0	0.0	0.0	0.0
[Eubacterium]_siraeum_group	63.0	493.0	0.0	212.0	7.0	216.0	0.0	807.0	0.0	0.0	0.0	53.0	3138.0	0.0	11.0	222.0	0.0	0.0	2.0	19.0	25.0	60.0	0.0	560.0	513.0	1020.0	8.0	8.0	96.0	0.0	2418.0	251.0	0.0	0.0	0.0	0.0	0.0	113.0	99.0	0.0	0.0	0.0	42.0	127.0	72.0	16.0	0.0	8.0	0.0	70.0	27.0	389.0	561.0	0.0	11.0	1002.0	105.0	0.0
[Eubacterium]_ventriosum_group	48.0	40.0	54.0	111.0	37.0	27.0	0.0	37.0	142.0	58.0	6.0	19.0	24.0	77.0	0.0	0.0	7.0	0.0	0.0	0.0	7.0	0.0	0.0	26.0	4.0	0.0	19.0	10.0	46.0	0.0	0.0	14.0	0.0	0.0	0.0	0.0	16.0	11.0	0.0	0.0	77.0	0.0	0.0	0.0	18.0	0.0	52.0	0.0	110.0	0.0	0.0	451.0	86.0	0.0	0.0	15.0	11.0	0.0
[Eubacterium]_xylanophilum_group	53.0	128.0	169.0	13.0	187.0	393.0	40.0	201.0	0.0	83.0	5.0	106.0	225.0	133.0	57.0	0.0	18.0	0.0	0.0	15.0	33.0	64.0	0.0	66.0	94.0	0.0	9.0	0.0	114.0	0.0	135.0	145.0	0.0	0.0	0.0	0.0	0.0	0.0	0.0	0.0	0.0	0.0	0.0	37.0	0.0	0.0	0.0	0.0	0.0	0.0	49.0	11.0	0.0	0.0	5.0	7.0	0.0	0.0
[Ruminococcus]_gauvreauii_group	198.0	96.0	36.0	20.0	59.0	0.0	48.0	0.0	0.0	65.0	24.0	116.0	0.0	18.0	12.0	0.0	0.0	0.0	0.0	0.0	0.0	0.0	0.0	31.0	0.0	0.0	52.0	0.0	0.0	0.0	0.0	0.0	0.0	0.0	0.0	0.0	0.0	0.0	0.0	0.0	0.0	0.0	0.0	18.0	0.0	0.0	0.0	0.0	0.0	14.0	0.0	0.0	63.0	0.0	0.0	9.0	0.0	0.0
[Ruminococcus]_gnavus_group	0.0	0.0	0.0	20.0	0.0	10.0	0.0	0.0	18.0	0.0	0.0	0.0	0.0	0.0	71.0	0.0	0.0	13.0	0.0	0.0	0.0	0.0	0.0	227.0	0.0	0.0	61.0	0.0	0.0	0.0	0.0	0.0	0.0	0.0	0.0	44.0	0.0	0.0	0.0	0.0	122.0	18.0	0.0	13.0	0.0	0.0	1072.0	0.0	132.0	15.0	0.0	0.0	0.0	1425.0	0.0	0.0	0.0	0.0
[Ruminococcus]_torques_group	502.0	146.0	48.0	242.0	43.0	84.0	26.0	35.0	88.0	176.0	199.0	49.0	510.0	47.0	76.0	194.0	28.0	100.0	0.0	74.0	61.0	397.0	91.0	71.0	45.0	26.0	852.0	141.0	257.0	434.0	253.0	230.0	0.0	29.0	0.0	56.0	27.0	128.0	173.0	0.0	143.0	2762.0	0.0	226.0	180.0	80.0	1008.0	100.0	0.0	0.0	263.0	0.0	0.0	455.0	66.0	33.0	0.0	0.0
uncultured	85.0	251.0	8.0	1350.0	15.0	148.0	276.0	970.0	285.0	152.0	829.0	286.0	648.0	1646.0	4167.0	1866.0	341.0	52.0	0.0	589.0	271.0	528.0	239.0	1846.0	257.0	447.0	580.0	1202.0	236.0	604.0	452.0	1144.0	0.0	888.0	0.0	1410.0	352.0	219.0	468.0	0.0	2374.0	193.0	991.0	1955.0	749.0	113.0	57.0	869.0	70.0	58.0	1193.0	1383.0	335.0	239.0	709.0	156.0	116.0	0.0
vadinBE97	0.0	0.0	0.0	0.0	0.0	0.0	0.0	0.0	0.0	0.0	0.0	0.0	0.0	0.0	0.0	0.0	0.0	0.0	0.0	0.0	0.0	8.0	0.0	0.0	0.0	0.0	0.0	0.0	0.0	0.0	0.0	0.0	0.0	0.0	0.0	0.0	0.0	0.0	0.0	0.0	0.0	0.0	0.0	49.0	0.0	0.0	0.0	0.0	0.0	0.0	0.0	0.0	0.0	0.0	4.0	0.0	0.0	0.0
